feature,importance
A.K.L,0.020756472
P.I.S,0.016479691
AWML,0.015026156
GQVTH,0.014555792
GQNSF,0.013752327
WDFSG,0.013726177
DV.A,0.010545486
K.TQR,0.009723591
AKTF,0.009101623
FLSSD,0.009054921
SAAPY,0.0088123325
KRELG,0.008561031
VLQGI,0.008140376
L.DCF,0.007821164
ARQDG,0.0077303764
V.DID,0.0076949294
RY.DQ,0.007668131
SQGEW,0.0076447944
KN.TP,0.007341263
H.FM,0.0071228305
GATNI,0.0070960457
TSH.I,0.0070645823
KNIA,0.0067577786
AEM.N,0.006678507
EKAGR,0.0064657447
DGWL,0.006412684
RQHYG,0.00631119
TSEKK,0.0062832395
LLFSG,0.006144617
RHRRG,0.005958146
TPQ.M,0.005918098
LGQFE,0.0058963094
IVV.A,0.0058659976
GGGNM,0.005839904
N.DLV,0.0057757376
QGEWD,0.005509306
PSTM,0.005476043
IE.VQ,0.005400908
LNS.C,0.0053257416
WAPGY,0.0053106504
AGNVL,0.005271691
P.CGK,0.0052444926
YQL.A,0.005241843
EGRPQ,0.005160946
RKQI,0.0050726654
ALRRS,0.005067705
GADSQ,0.0050575845
IRITG,0.005057284
GRNWG,0.0050454484
GGNIG,0.005008907
TRWNT,0.004943167
NPF.L,0.0049068937
SEYNR,0.004800803
PEVNS,0.0047855
IP.VM,0.0047293613
SQLHS,0.0047223805
TGKVP,0.0045836614
IM.QR,0.004375103
SVQSS,0.0043663285
RKSTS,0.0043205284
LREHT,0.0043156585
SFWGD,0.0042758994
HPVQG,0.00421436
ESCA,0.0041578207
KQSK,0.003983444
EQLT,0.0039324514
DRAKQ,0.0038880375
GYGYF,0.003858912
SHLPS,0.003848441
KCN.G,0.0038218487
REPQG,0.0038152887
WK.T,0.0037744534
L.HGC,0.0037585169
NC.VG,0.0037528337
QREVY,0.0036949199
RVV.M,0.0036466243
QWLS,0.0036400908
PLRDN,0.0036094408
SADPA,0.0035932423
WDIR,0.003532522
NS.RH,0.0035189555
T.WLL,0.003486017
DAPAG,0.0034615581
DRKKA,0.0034206004
RAFSS,0.0033765151
DYS.P,0.0033672338
HWD.T,0.0032901196
QEPNY,0.0032844946
SIEVT,0.0032682382
FYPGL,0.0032665234
VQRDL,0.0032167109
F.PKA,0.0032166683
YTGAP,0.0031869926
PLFGG,0.0031526675
GRDDQ,0.003145074
RVTPN,0.00312682
WGCL,0.003091921
WSHRE,0.0030392664
RERHE,0.0030317833
WLP.A,0.0030194777
KRDLR,0.0030036897
YPIQY,0.0029835685
LKS.F,0.0029602153
YQVQ,0.002957437
KE.SL,0.0029567182
YK.AY,0.0029547089
Q.ASK,0.002942265
VCC.N,0.002916444
FLWGR,0.0028952812
GQACT,0.0028777008
MK.RD,0.0028593652
SHYSN,0.0028589913
P.YRW,0.0028563908
SDVNR,0.002842345
QAW.V,0.0028157837
CR.DA,0.0028088642
KVGGS,0.002803227
DKGAN,0.002774272
P.SDI,0.0027443827
ADIF,0.0027324045
YTSGL,0.0026956561
CY.RR,0.0026906999
MGPV,0.002632725
D.YAT,0.002619561
IG.KP,0.0025992673
YAV.L,0.002580146
I.PHN,0.0025548674
HFV.G,0.0025284765
TNIT,0.0025224935
TAGQL,0.002499266
TMAYE,0.002493766
YSHH,0.002483721
RR.QI,0.002481717
EKL.K,0.0024703145
TKEV,0.0024643564
GLTCN,0.0024320388
C.WML,0.0024227453
IANV,0.0024037343
NRALE,0.0023787566
SH.KH,0.0023622892
DQRET,0.00235989
Q.VQQ,0.0023541392
Y.SFS,0.0022602805
STTEK,0.0022600442
P.FHP,0.002234451
AD.NR,0.0022301467
GREVA,0.0022230912
WESQ,0.0022081411
RFV.R,0.0021958307
DKL.A,0.002191582
G.VCD,0.0021605785
LPNRT,0.0021241093
SH.IP,0.002117919
SLVHT,0.002105086
VE.RM,0.002081814
CIDTQ,0.0020662828
QRTRS,0.0020644031
YDEA,0.0020560715
Y.TFS,0.0020311403
N.RIQ,0.002025345
Y.AEL,0.0020233893
GKKEQ,0.0019984897
W.RHN,0.0019800423
YLRRQ,0.0019786921
AENA,0.001968098
LPGHL,0.0019649584
PPKGV,0.0019515739
D.GYK,0.0019454494
SNGPA,0.0019403147
MDD.G,0.0019315584
GTPAD,0.0019034499
VSGPY,0.0018709828
PV.CY,0.0018670006
HLRDT,0.0018628369
HGHNE,0.0018609796
WR.VA,0.0018584856
QTGLP,0.0018565416
IH.LG,0.0018358977
SCK.K,0.0018329743
SEASN,0.0018293606
F.EIR,0.0018195439
LGGLH,0.0018110072
GLVNN,0.0018069136
DMEN,0.0017985164
LHCR,0.0017948565
RLGTK,0.0017884375
CRIE,0.0017809141
REPDG,0.0017771283
VPRPP,0.0017665601
CDNY,0.0017288671
KNREG,0.0017247795
SRVFY,0.0017225294
RGYC,0.0016877278
M.YK,0.0016856169
PLRPR,0.0016639277
TPGDQ,0.0016565352
LNK.V,0.0016482094
RGYGQ,0.0016236928
AWGRP,0.0016088772
KPEL,0.0016083006
WG.MG,0.0015655981
VTN.R,0.0015616952
RLGHE,0.0015501158
P.QYL,0.0015474462
D.AIM,0.0015381658
NRE.C,0.0015129287
PGQYL,0.0015036669
DN.YQ,0.0014919683
T.SFQ,0.0014791926
CPL.Y,0.0014741066
QKLL,0.0014516591
CEVS,0.0014407478
RDRWL,0.0014301774
KSRK,0.0014037564
Q.NSQ,0.0013937873
VSGLT,0.0013923928
PGSKG,0.0013879519
GGILE,0.0013855874
DDI.N,0.0013827
QPQ.V,0.001381642
LTW.N,0.0013791067
VQ.GW,0.001377452
S.WWK,0.0013571731
CLIR,0.0013537401
SQVAP,0.0013466147
IRDSQ,0.0013431088
VETSS,0.0013401913
W.VQK,0.001339861
CPNQP,0.0013390854
TEVSN,0.0013390189
YLPK,0.0013107549
DP.RW,0.0013082203
N.GHN,0.0013065776
SHARD,0.0013006941
GPRIY,0.0012954215
SQF.H,0.001290198
PRDKD,0.0012826704
LGQDE,0.0012626539
 .PTS,0.0012500769
QSL.L,0.0012412224
GTRDL,0.0012349716
PMR.A,0.0012256395
NADS,0.0012232107
LRAQP,0.0012214858
ASGII,0.0011996627
KLSNT,0.0011934098
M.LGH,0.0011762832
Q.VSA,0.0011746004
PK.WD,0.0011616867
YG.VL,0.0011557034
AGAEY,0.0011501932
QGAEW,0.0011430396
CDN.G,0.0011337998
E.FSL,0.0011295609
CNT.R,0.0011180151
GHH.K,0.0011156934
SLDFA,0.0010992982
HC..C,0.001092527
AIATG,0.0010911755
FRY.S,0.0010729817
YV.RL,0.0010669752
CPGRA,0.0010613566
VEGAK,0.0010600406
WGGMG,0.0010551832
PWVA,0.0010340277
RDE.C,0.0010322914
SIPVR,0.0010222647
READE,0.0010197818
VGLGA,0.0010158622
DGSGR,0.0010104292
GDCD,0.0010082063
SRAIT,0.0009939128
SHAI,0.0009934893
G.FGI,0.0009934595
QGPDS,0.0009910944
VAHT,0.0009869521
QP.QK,0.0009844096
GRSLH,0.0009774677
QGASK,0.0009649965
D.ESD,0.0009530153
C.FRS,0.00094820966
WDSW,0.0009478655
A.ECE,0.0009455283
QRGLD,0.0009446711
DC.VS,0.0009444384
SLLYT,0.0009417527
LWL.F,0.00093938195
FP.SK,0.00093836396
VAVNT,0.0009329001
GPLRA,0.0009242386
RF.VL,0.00092253624
WRLK,0.0009195789
KA.QA,0.0009193591
GP.LC,0.00091142865
GGAWE,0.00090056215
GGCTY,0.00089932355
TV.KE,0.000898867
GHP.I,0.0008878865
NTP.S,0.0008545814
Q.NDG,0.00084634125
GLSVS,0.00082896376
I.ALQ,0.00082354835
SN.IS,0.00081797
PP.IH,0.0008167856
A.WES,0.00081617775
GIRM,0.00081337726
Y.EYN,0.00081141345
NWS.Y,0.0008100728
RTQGD,0.0008100306
GNQGG,0.0008096765
SYRDK,0.00080390234
DA.YS,0.00078516
WTDYE,0.00077913183
RWAYN,0.0007786082
ADE.R,0.0007686452
IGQI,0.00076791504
T.KTL,0.00076519186
QEATG,0.0007635576
GET.V,0.00076136325
QKA.D,0.00076107815
AP.VW,0.0007527447
L.VVK,0.0007487157
RKLGE,0.00074076245
RGNST,0.000734634
IPY.V,0.0007269314
HPVQ,0.00072393875
QII.T,0.0007228985
H.DGP,0.0007144364
D.AHL,0.0007117738
ELSST,0.0007102859
EL.TP,0.00069648674
E.QSN,0.0006956582
II.SR,0.0006892584
PGGWD,0.0006865902
KGRPN,0.0006835171
GGQYQ,0.0006825949
G.WKE,0.0006824229
ET.IA,0.0006728917
VLGRE,0.0006721745
TDHSN,0.0006669296
RVGGK,0.0006639146
AGAVT,0.0006576792
KGPSR,0.00065727107
I.RKT,0.00065706705
NGSD,0.00064018636
CAMVG,0.0006383733
VKGGV,0.00063713547
SLSIL,0.00063415023
RSRDP,0.0006272201
WGAQE,0.0006234764
SGKVR,0.0006199353
TH.VS,0.0006168544
YWGGE,0.0006087912
Q.NSA,0.0006009492
LVRNY,0.00059077813
QFPQ,0.0005858546
CNSYN,0.0005775947
AC.EE,0.0005713831
NRGHN,0.0005634826
AAGQE,0.00056332344
D.GCI,0.00055918325
ECF.G,0.00055771315
LSSGY,0.00055140397
GLRLT,0.00053926074
D.ADL,0.00053230434
GLLVG,0.0005321253
EV.KR,0.0005268586
RVEW,0.00052494096
DL.CT,0.0005240902
TK.VS,0.00051900174
EYP.D,0.0005166262
RS.VI,0.0005138748
LWW.G,0.0005136089
SGLHG,0.0005045674
R.HRW,0.00050329615
HA.SP,0.00050144305
ADGGE,0.000496415
RHGI,0.00049328804
NSKR,0.00049250486
LRDM,0.0004886399
PGTDA,0.00048277568
E.PKP,0.00048140498
TWAQ,0.0004764554
KW.YN,0.00047605357
I.FET,0.00046094006
VPDD,0.00046045438
A.CRN,0.00045831472
KE.YS,0.00045801862
ESVY,0.00045643677
SIKW,0.0004556843
SQVVL,0.0004534565
ETGRE,0.00045245353
TRLAS,0.0004493992
EAS.F,0.00044752937
LGCI,0.00044728475
IS.NL,0.00042566672
EYPA,0.00042225703
GTSNS,0.0004219551
YG.SQ,0.0004180684
AGSVG,0.00041516355
TEASY,0.00041188198
NPGET,0.00040654463
GASRA,0.00039883613
QRGAD,0.00039784072
IKGGA,0.00039470577
L.NNG,0.00039104183
SDDPP,0.0003862782
ATGIG,0.0003817617
VAC.R,0.00038164278
ARRPN,0.00037195874
TTTQY,0.00036962362
I.ATQ,0.00036643454
GPSRR,0.00036171987
SLDAA,0.00035653517
VWPR,0.00035491574
GRSRP,0.0003526056
ACRTG,0.0003518698
R.YSQ,0.00034632336
QDQGP,0.00034303562
SREDL,0.00034243136
FQSA,0.0003416669
GPKLA,0.0003411551
GQALE,0.0003378738
PSI.P,0.00033755082
TDW.Q,0.00033570136
RHGTE,0.0003345613
DFTSG,0.00033190136
ADRC,0.00033052117
SKM.S,0.00031956105
SGEAP,0.0003153945
PRRVG,0.00031443164
DG.CG,0.00031198456
VTGPN,0.000311703
KTD.R,0.0003108163
QE.QL,0.00030714995
LPAGL,0.0003048665
GGELA,0.0003039911
RGFRA,0.0002951789
ARAQA,0.0002901779
DSREE,0.00028601268
GTDMN,0.0002833773
V.MET,0.00027767802
ERWE,0.00027650796
AWGAR,0.00027411722
ASIVE,0.00027244008
GEPQY,0.00027219334
SVPEA,0.0002714296
GSRRA,0.00026643055
RILW,0.0002648185
VISPL,0.00025002463
SPRHS,0.00024980344
KL.NN,0.00024601934
KLTL,0.00024556607
AKPDR,0.00024026592
N.PQP,0.00023977744
VCQG,0.00023113606
K.ELG,0.00022163655
G.KVK,0.00022057818
M.GKP,0.00021993983
PWEY,0.00021453311
HYRGG,0.00021143949
 .GPT,0.00020987715
CPWD,0.0002082207
EACS,0.00020415497
K.QLG,0.00019957499
GIKY,0.00019567952
SLPIV,0.00019186187
TVNYE,0.00018658323
PGS.C,0.00018070095
GYQR,0.00017850377
HWT.R,0.00017842239
RA.MT,0.0001760692
QDEL,0.00017358504
PRKK,0.00017341248
RSEGP,0.00016864852
C.MVG,0.00016624946
SLGKE,0.00016430113
QTL.Q,0.00016426711
KGYNS,0.00015185268
S.ACD,0.00014876033
TGLRA,0.00014873933
PPGPQ,0.00013516197
G.HNG,0.0001350847
GPRAF,0.00012960604
WTHY,0.00012856617
TDRRG,0.00012715471
KQGGT,0.00012509029
AP.CG,0.00012107639
TTGTV,0.00011926581
CI.H,0.00011572184
AIQ.P,0.0001120176
PMGGR,9.9667224e-05
GL.IF,9.794709e-05
NR.CS,5.6133587e-05
GAIKN,5.4269858e-05
PGHLR,4.738087e-05
QSGDR,3.857653e-05
A.TWN,2.8537615e-05
SDDF,9.281219e-06
GYPPR,0.0
GVDPF,0.0
GYHYN,0.0
GWGRH,0.0
HEKD,0.0
H.WLY,0.0
HEIP,0.0
HEPGY,0.0
H.SRC,0.0
HAKGG,0.0
GVGCP,0.0
HEGSN,0.0
HEAGG,0.0
GVKTP,0.0
HE.FQ,0.0
H.DHA,0.0
H.ILQ,0.0
GYLPD,0.0
HARDE,0.0
H.IPY,0.0
H.IQQ,0.0
HE.AY,0.0
GYGQD,0.0
GYGPP,0.0
H.SRF,0.0
GTVLI,0.0
GWK.T,0.0
HGGRQ,0.0
HAC.G,0.0
HA.YD,0.0
GWVLS,0.0
GWID,0.0
GYITD,0.0
GYRKE,0.0
H.EQT,0.0
HGF.A,0.0
GVALL,0.0
HGDRP,0.0
GYAAF,0.0
GWVAE,0.0
GVAVE,0.0
HGAVS,0.0
HGANR,0.0
HF.FE,0.0
GVCRS,0.0
GVCSE,0.0
GWI.C,0.0
HETGN,0.0
H.GII,0.0
GYSLP,0.0
HERDY,0.0
H.GWK,0.0
H.GYD,0.0
GYSNG,0.0
H.TRF,0.0
HGC.R,0.0
GYI.D,0.0
GWFDN,0.0
HC.GC,0.0
HD.MG,0.0
H.QVM,0.0
GWPVS,0.0
GVQAT,0.0
GYLHE,0.0
GWF.V,0.0
HD.CY,0.0
HCVA,0.0
HA.FF,0.0
H.PHM,0.0
GWVLY,0.0
GVRGC,0.0
H.PEK,0.0
GVSCY,0.0
H.KRQ,0.0
H.THY,0.0
H.DDP,0.0
GVTSI,0.0
H.LVV,0.0
GYLEE,0.0
HCPGT,0.0
GVVQG,0.0
GW.EM,0.0
GVWGQ,0.0
GWPGK,0.0
GW.FL,0.0
GYSTQ,0.0
H.SKV,0.0
H.WNS,0.0
H.YPT,0.0
GVLDF,0.0
GVLDI,0.0
H.KAT,0.0
HDV.S,0.0
GVLFG,0.0
HDRAQ,0.0
GVNTN,0.0
HARSG,0.0
H.QVQ,0.0
HAY.N,0.0
GYKLA,0.0
HAYSN,0.0
GWGQI,0.0
GYASR,0.0
H.KPE,0.0
H.FMN,0.0
HC.AN,0.0
GWRRP,0.0
H.ETW,0.0
GVPLT,0.0
GVQAR,0.0
HDKP,0.0
HDF.Y,0.0
H.SWP,0.0
GYWRS,0.0
GYLLT,0.0
GLMIS,0.0
GLLRA,0.0
GLKRH,0.0
GLKAA,0.0
GLHRP,0.0
GLFPL,0.0
GLFMN,0.0
GLFHY,0.0
GLEDF,0.0
GLDDQ,0.0
GLANP,0.0
GLAIF,0.0
GKYIY,0.0
GKWGS,0.0
HGLVD,0.0
GKMPG,0.0
GKKVE,0.0
GKKAG,0.0
GKHSP,0.0
GK.SA,0.0
GIYSG,0.0
GIWL,0.0
GITFE,0.0
GISGD,0.0
GIQVS,0.0
GIQAD,0.0
GINGE,0.0
GIMYE,0.0
GIKGQ,0.0
GIISE,0.0
GKS.F,0.0
GNQGK,0.0
GNQ.W,0.0
GNPRV,0.0
GNLCS,0.0
GNKRD,0.0
GNIRQ,0.0
GNGGH,0.0
GNGDG,0.0
GNEFY,0.0
GNARY,0.0
GN.MD,0.0
GMWNE,0.0
GMS.M,0.0
GMRTY,0.0
GMRSG,0.0
GLMNQ,0.0
GMPQP,0.0
GMH.V,0.0
GMGVD,0.0
GMEF,0.0
GMAPY,0.0
GM.RC,0.0
GM.IY,0.0
GLYSE,0.0
GLRYP,0.0
GLQTL,0.0
GLPWY,0.0
GLPIL,0.0
GLPGW,0.0
GLPFK,0.0
GLNAD,0.0
GMRKL,0.0
GGNNN,0.0
GGMLL,0.0
GGMFP,0.0
GGM.M,0.0
GGLYD,0.0
GGKNA,0.0
GGKKI,0.0
GGIDP,0.0
GGHDK,0.0
GGGWC,0.0
GGFVQ,0.0
GGEKQ,0.0
GGEDC,0.0
GGDPP,0.0
GGAYK,0.0
GIIIS,0.0
GFWRN,0.0
GFQVD,0.0
GFQDN,0.0
GFPRK,0.0
GFPHY,0.0
GFPAR,0.0
GFLQY,0.0
GFLDG,0.0
GFHRE,0.0
GFH.F,0.0
GFGRI,0.0
GFGNI,0.0
GFFPR,0.0
GFFGN,0.0
GFCYN,0.0
GFYPT,0.0
GIGQQ,0.0
GIFEA,0.0
GIDYN,0.0
GIALG,0.0
GHWLG,0.0
GHT.K,0.0
GHRVK,0.0
GHRLF,0.0
GHQQG,0.0
GHLVQ,0.0
GHKYE,0.0
GHHGR,0.0
GHHEK,0.0
GHGVR,0.0
GHGPN,0.0
GGNWE,0.0
GHFNQ,0.0
GHAYS,0.0
GH.ND,0.0
GGYDR,0.0
GGWIG,0.0
GGVQT,0.0
GGVLM,0.0
GGTAM,0.0
GGS.C,0.0
GGQVI,0.0
GGQSW,0.0
GGQHS,0.0
GGQHN,0.0
GGQHA,0.0
GGPLW,0.0
GHGAA,0.0
GSPHQ,0.0
GSNVT,0.0
GSMNN,0.0
GSMMN,0.0
GSM.I,0.0
GSKRI,0.0
GSH.M,0.0
GSGYR,0.0
GSFCT,0.0
GSELE,0.0
GSDSL,0.0
GSDSA,0.0
GSASH,0.0
GSAAE,0.0
GNQRS,0.0
GRWAL,0.0
GRVND,0.0
GRVAH,0.0
GRTIH,0.0
GRSSK,0.0
GRSLF,0.0
GRRQH,0.0
GRRDH,0.0
GRRCE,0.0
GRQVR,0.0
GRPYF,0.0
GRPES,0.0
GRLWE,0.0
GRKYT,0.0
GRICS,0.0
GS.QC,0.0
GTTTQ,0.0
GTTLI,0.0
GTTDP,0.0
GTSGC,0.0
GTS.C,0.0
GTRYA,0.0
GTQLE,0.0
GTQDL,0.0
GTPVL,0.0
GTPNN,0.0
GTPNG,0.0
GTPCT,0.0
GTNYQ,0.0
GTNSF,0.0
GTNGQ,0.0
GSRPC,0.0
GTMYQ,0.0
GTMVN,0.0
GTKWY,0.0
GTILF,0.0
GTHNT,0.0
GTH.M,0.0
GTFRT,0.0
GTELV,0.0
GSVQV,0.0
GSVQS,0.0
GSTLF,0.0
GSSTI,0.0
GSSSF,0.0
GSSIT,0.0
GSSEN,0.0
GTNFF,0.0
GPVQL,0.0
GPVHP,0.0
GPSTM,0.0
GPSDH,0.0
GPRSK,0.0
GPQDQ,0.0
GPPDF,0.0
GPNPG,0.0
GPLPL,0.0
GPLDA,0.0
GPKWG,0.0
GPKQR,0.0
GPKKP,0.0
GPGWH,0.0
GPGDW,0.0
GRHWE,0.0
GPFHQ,0.0
GPEIR,0.0
GPDIN,0.0
GPDGV,0.0
GPDEP,0.0
GPANG,0.0
GPAMD,0.0
GPAGH,0.0
GPAEY,0.0
GPAAI,0.0
GNVGY,0.0
GNV.K,0.0
GNSLS,0.0
GNRPP,0.0
GNRAW,0.0
GPFVE,0.0
GRHGS,0.0
GRGQM,0.0
GRGNF,0.0
GRELH,0.0
GREER,0.0
GREDM,0.0
GRDFN,0.0
GRAWI,0.0
GRAKH,0.0
GQYGQ,0.0
GQWAS,0.0
GQVTS,0.0
GQVHP,0.0
GQVGW,0.0
GQVAR,0.0
GPWTA,0.0
GQNDN,0.0
GQMYT,0.0
GQLFH,0.0
GQKTL,0.0
GQIVA,0.0
GQFPQ,0.0
GQFLN,0.0
GQESI,0.0
GQDGK,0.0
GQCYY,0.0
GQALA,0.0
GQAHF,0.0
GPYTI,0.0
GPYRA,0.0
GPWVA,0.0
GQQKD,0.0
KIEGA,0.0
KIGRD,0.0
KII.L,0.0
KIP.K,0.0
KIQGQ,0.0
KK.FR,0.0
KK.MG,0.0
KKA.K,0.0
HYIQY,0.0
KKGVG,0.0
KKI.E,0.0
KKRSY,0.0
KKS.H,0.0
KKVGT,0.0
KLDET,0.0
KLGTQ,0.0
KLH.A,0.0
KKGDY,0.0
KGGQW,0.0
KGGWR,0.0
KGILQ,0.0
KGM.D,0.0
KGPHS,0.0
KGPQD,0.0
KGQKL,0.0
KGSA,0.0
KICYE,0.0
KGTDY,0.0
KGTLE,0.0
KGVYT,0.0
KGWTS,0.0
KHPGA,0.0
KHRAN,0.0
KHRRE,0.0
KIATE,0.0
KGSED,0.0
KNRGQ,0.0
KNRLS,0.0
KNRRQ,0.0
KNSQG,0.0
KPA.F,0.0
KPFRD,0.0
KPFRT,0.0
KPGKN,0.0
KLHRA,0.0
KPRED,0.0
KPRLL,0.0
KPTLP,0.0
KPTTE,0.0
KPVGS,0.0
KPWDS,0.0
KQ.QQ,0.0
KQADE,0.0
KPH.L,0.0
KLLGS,0.0
KLPSD,0.0
KLR.K,0.0
KLRGW,0.0
KLV.P,0.0
KLWGA,0.0
KM.RK,0.0
KMA.R,0.0
KNPSY,0.0
KMR.Y,0.0
KN.EI,0.0
KN.KS,0.0
KN.LL,0.0
KND.Y,0.0
KNHRA,0.0
KNK.F,0.0
KNLAG,0.0
KNP.Y,0.0
KMLA,0.0
K.LQV,0.0
K.NWY,0.0
K.PCR,0.0
K.SA,0.0
K.SAG,0.0
K.SAS,0.0
K.SAY,0.0
K.VRF,0.0
KGFI,0.0
K.YRE,0.0
K.YRI,0.0
K.YWY,0.0
KA.FT,0.0
KADPG,0.0
KAFNE,0.0
KAGCQ,0.0
KAGQA,0.0
K.WCN,0.0
IYRDP,0.0
IYRVS,0.0
IYW.A,0.0
K.AAL,0.0
K.AIC,0.0
K.DFW,0.0
K.DIT,0.0
K.EKF,0.0
K.LPM,0.0
K.GMV,0.0
K.HCG,0.0
K.HLQ,0.0
K.HRK,0.0
K.INI,0.0
K.KKV,0.0
K.KPT,0.0
K.KSK,0.0
K.EQK,0.0
KEGYS,0.0
KEIC,0.0
KEKPG,0.0
KEL.Y,0.0
KETTD,0.0
KETTE,0.0
KEVI,0.0
KEVNS,0.0
KALES,0.0
KFGTV,0.0
KFIL,0.0
KFLSS,0.0
KFM.G,0.0
KFVSG,0.0
KGACY,0.0
KGAIC,0.0
KGAKE,0.0
KEW.N,0.0
KAPRT,0.0
KARNS,0.0
KC..C,0.0
KC.AK,0.0
KCES,0.0
KCIS,0.0
KCNYG,0.0
KCRGL,0.0
KDY.D,0.0
KDFRG,0.0
KDGRN,0.0
KDL.L,0.0
KDLGN,0.0
KDNPG,0.0
KDRRD,0.0
KDSMN,0.0
KDV.V,0.0
KDVSG,0.0
KD.ME,0.0
LDPRI,0.0
LDQGW,0.0
LDRPK,0.0
LDRQH,0.0
LDTRV,0.0
LDVLY,0.0
LEAQE,0.0
LECRE,0.0
KQANE,0.0
LEGCR,0.0
LEIGK,0.0
LEKRD,0.0
LELNN,0.0
LENSA,0.0
LESQV,0.0
LET.M,0.0
LETIA,0.0
LEFW,0.0
LATNG,0.0
LAVVL,0.0
LAWTN,0.0
LAWVT,0.0
LC.AQ,0.0
LCGQA,0.0
LCGQP,0.0
LCHS,0.0
LDPAN,0.0
LCRAP,0.0
LCSGF,0.0
LD.TC,0.0
LD.WM,0.0
LDADG,0.0
LDCET,0.0
LDGQL,0.0
LDGSW,0.0
LCNGG,0.0
LGESD,0.0
LGFYQ,0.0
LGGMQ,0.0
LGGWW,0.0
LGILL,0.0
LGINR,0.0
LGIQL,0.0
LGLHS,0.0
LEVDG,0.0
LGNSD,0.0
LGQDC,0.0
LGQFA,0.0
LGQLC,0.0
LGRCT,0.0
LGVGF,0.0
LGVMG,0.0
LGVPL,0.0
LGNHG,0.0
LEWAP,0.0
LF.VF,0.0
LF.WD,0.0
LF.YH,0.0
LFDIQ,0.0
LFFM,0.0
LFGVP,0.0
LFGVQ,0.0
LGEIV,0.0
LFPQY,0.0
LFQDR,0.0
LFRKD,0.0
LG.CM,0.0
LGALK,0.0
LGAWV,0.0
LGCGQ,0.0
LGDPH,0.0
LGDSH,0.0
LFHQG,0.0
KS.KT,0.0
KSGSL,0.0
KSVGE,0.0
KT. ,0.0
KT. C,0.0
KTF ,0.0
KTF C,0.0
KTF.C,0.0
LATAL,0.0
KTSA,0.0
KTSDR,0.0
KTVRR,0.0
KVGGH,0.0
KVGPR,0.0
KVIL,0.0
KVLH,0.0
KVRVE,0.0
KTF.L,0.0
KQASY,0.0
KQDRV,0.0
KQGMD,0.0
KQGSM,0.0
KQT.P,0.0
KQTGS,0.0
KQVAF,0.0
KR.DM,0.0
KS.DH,0.0
KRATD,0.0
KRESD,0.0
KRGND,0.0
KRHA,0.0
KRLLT,0.0
KRRAV,0.0
KRRLE,0.0
KRRPV,0.0
KRAHG,0.0
L.HHW,0.0
L.HKF,0.0
L.KMY,0.0
L.NWS,0.0
L.PHH,0.0
L.PQW,0.0
L.QTM,0.0
L.SCW,0.0
KW.IR,0.0
LAAEN,0.0
LAAMD,0.0
LADWE,0.0
LALAV,0.0
LAPTF,0.0
LAQAH,0.0
LAQMG,0.0
LARQH,0.0
L.TMI,0.0
KW.NP,0.0
KWGNE,0.0
KWGPV,0.0
KWVRG,0.0
KWVS,0.0
KY.KG,0.0
KY.KS,0.0
KY.NG,0.0
L.HHD,0.0
KYAK,0.0
KYE.N,0.0
KYK.F,0.0
KYKA,0.0
L.AHV,0.0
L.AKF,0.0
L.AWI,0.0
L.EFK,0.0
L.EYH,0.0
KY.TY,0.0
HVNGY,0.0
HVPGE,0.0
HVQE,0.0
HVRDG,0.0
HVS.V,0.0
HVSEQ,0.0
HVTSS,0.0
HW.GH,0.0
IYM.E,0.0
HWDRT,0.0
HWLG,0.0
HWR.K,0.0
GF.MP,0.0
HYRNT,0.0
HYRP,0.0
HYRQ,0.0
HYRQG,0.0
HW.RF,0.0
HSRPE,0.0
HSRWG,0.0
HTAAY,0.0
HTATN,0.0
HTDL,0.0
HTGGM,0.0
HTGSV,0.0
HTLAK,0.0
HVKR,0.0
HTRRD,0.0
HTY.F,0.0
HTYTF,0.0
HV.TP,0.0
HVAGV,0.0
HVGQE,0.0
HVGTP,0.0
HVK.D,0.0
HTPDT,0.0
IAEI,0.0
IAFRV,0.0
IAGFN,0.0
IAGSI,0.0
IAISY,0.0
IAKGD,0.0
IAKSY,0.0
IAM.Y,0.0
I.AWQ,0.0
ICFN,0.0
ICNL,0.0
ICPYE,0.0
ICTA,0.0
IDALA,0.0
IDAYN,0.0
IDFA,0.0
IDGDT,0.0
IARVA,0.0
I.DQF,0.0
I.ENL,0.0
I.GHV,0.0
I.GKW,0.0
I.HCQ,0.0
I.HMN,0.0
I.HPK,0.0
I.LNR,0.0
IAAET,0.0
I.NDQ,0.0
I.NEL,0.0
I.PNC,0.0
I.PPW,0.0
I.SVK,0.0
I.VIL,0.0
I.VMW,0.0
I.WDD,0.0
IA.KI,0.0
I.MRT,0.0
HK.LC,0.0
HK.TK,0.0
HK.VD,0.0
HKDH,0.0
HKPN,0.0
HKSGY,0.0
HL.CQ,0.0
HLAQG,0.0
HSKET,0.0
HLE.H,0.0
HLGAR,0.0
HLGPN,0.0
HLHYE,0.0
HLKAF,0.0
HLTLN,0.0
HLV. ,0.0
HLVF ,0.0
HLDW,0.0
HGPDE,0.0
HGPEK,0.0
HGRRN,0.0
HGRYT,0.0
HGVEG,0.0
HGVGQ,0.0
HGWV,0.0
HH.LQ,0.0
HIQT,0.0
HH.RA,0.0
HHDRG,0.0
HHHEQ,0.0
HHTP,0.0
HI.AA,0.0
HI.AK,0.0
HII.E,0.0
HINTG,0.0
HH.QD,0.0
HRDYR,0.0
HREYS,0.0
HRFGY,0.0
HRHTD,0.0
HRINT,0.0
HRLDG,0.0
HRLGV,0.0
HRLSN,0.0
HLYYE,0.0
HRTNS,0.0
HRVGP,0.0
HS.MR,0.0
HS.WR,0.0
HSAQP,0.0
HSATS,0.0
HSDEQ,0.0
HSGKV,0.0
HRSGI,0.0
HN.RI,0.0
HNLET,0.0
HNLW,0.0
HNSSG,0.0
HNV.Q,0.0
HP.ID,0.0
HP.NL,0.0
HPANQ,0.0
HQSTD,0.0
HPDNE,0.0
HPNTD,0.0
HPQLG,0.0
HPQQ,0.0
HPS.I,0.0
HPVRR,0.0
HQ.DD,0.0
HQC.Q,0.0
HQRSG,0.0
HPCD,0.0
IRDKY,0.0
IRDPH,0.0
IREFL,0.0
IREPQ,0.0
IRFET,0.0
IRFYE,0.0
IRGIL,0.0
IRGKR,0.0
IDGGE,0.0
IRNRR,0.0
IRRKE,0.0
IRTDY,0.0
IRVIG,0.0
IRYRP,0.0
IS.IF,0.0
IS.WC,0.0
ISCI,0.0
IRILG,0.0
IPDRK,0.0
IPGPC,0.0
IPLSE,0.0
IPRNS,0.0
IPSHR,0.0
IPSPA,0.0
IPTTE,0.0
IPW.D,0.0
IRASQ,0.0
IQ.IT,0.0
IQAEQ,0.0
IQAQG,0.0
IQEEG,0.0
IQL.H,0.0
IQN.L,0.0
IQRER,0.0
IQYP,0.0
IPYRE,0.0
ITSDS,0.0
ITVPN,0.0
IV.ND,0.0
IV.PK,0.0
IVHL,0.0
IVLAK,0.0
IVLLG,0.0
IW.FT,0.0
ISCQ,0.0
IWGNE,0.0
IWL.I,0.0
IWTDE,0.0
IY.KP,0.0
IY.WN,0.0
IYDN,0.0
IYDNE,0.0
IYHS,0.0
IWC.Q,0.0
ISCYG,0.0
ISEND,0.0
ISENL,0.0
ISGPF,0.0
ISHA,0.0
ISLRR,0.0
ISREP,0.0
ISRKP,0.0
ITRKD,0.0
ISVAV,0.0
ISVLK,0.0
ISVLP,0.0
ISVWD,0.0
ISWET,0.0
ITGKN,0.0
ITGQW,0.0
ITPPS,0.0
ITPRV,0.0
ISRSI,0.0
IGAAT,0.0
IGGIA,0.0
IGGKL,0.0
IGGTL,0.0
IGIDR,0.0
IGKGY,0.0
IGLYT,0.0
IGVRQ,0.0
IPDQE,0.0
IH.AC,0.0
IHC.G,0.0
IHRAG,0.0
II.LN,0.0
IIL.P,0.0
IIN.S,0.0
IIRVA,0.0
IISSR,0.0
IGWEG,0.0
IDLAK,0.0
IDQH,0.0
IDVYE,0.0
IE.HP,0.0
IE.WT,0.0
IEEGE,0.0
IEGPA,0.0
IEGYG,0.0
IFSD,0.0
IELV,0.0
IEREN,0.0
IEV.V,0.0
IEVRV,0.0
IEVSG,0.0
IFFRD,0.0
IFQGR,0.0
IFQL,0.0
IEI.A,0.0
ILVPQ,0.0
ILVRS,0.0
IMEGG,0.0
IMI.Q,0.0
IN.IV,0.0
IN.RC,0.0
IND.K,0.0
INFS,0.0
IITGD,0.0
INGPT,0.0
INLE,0.0
INRYG,0.0
INSRS,0.0
INW.P,0.0
INY.F,0.0
IP.EW,0.0
IPD.C,0.0
INFSG,0.0
IITGN,0.0
IK.CR,0.0
IK.QC,0.0
IK.VY,0.0
IKGAT,0.0
IKGPY,0.0
IKHQP,0.0
IKPYN,0.0
ILT.C,0.0
IKYRG,0.0
IL.TW,0.0
ILGLP,0.0
ILGTH,0.0
ILGVL,0.0
ILLNQ,0.0
ILM.R,0.0
ILQNE,0.0
ILSKR,0.0
IKRGT,0.0
CEGQV,0.0
CEGRG,0.0
CERAS,0.0
CERYG,0.0
CESPR,0.0
CF.DA,0.0
CF.DI,0.0
CFQT,0.0
FRPLK,0.0
CGCYG,0.0
CGDKA,0.0
CGHTD,0.0
CGKNQ,0.0
CGLPL,0.0
CGLSG,0.0
CGN.H,0.0
CGN.V,0.0
CFR.I,0.0
CAKTF,0.0
CALGW,0.0
CAMGV,0.0
CAMNL,0.0
CAMRA,0.0
CANEN,0.0
CAPHK,0.0
CAQQL,0.0
CE.QV,0.0
CAWML,0.0
CC.GF,0.0
CC.TY,0.0
CD.EV,0.0
CDCGY,0.0
CDEGT,0.0
CDNYG,0.0
CDSGS,0.0
CDSTS,0.0
CAVPV,0.0
CLARR,0.0
CLGWG,0.0
CLLGV,0.0
CLSRA,0.0
CLV.Q,0.0
CLVGY,0.0
CLW.K,0.0
CMYG,0.0
CGRLS,0.0
CN.ED,0.0
CN.RH,0.0
CNAR,0.0
CNARG,0.0
CNH.L,0.0
CNI.Q,0.0
CNV.Y,0.0
CPDRD,0.0
CMYGY,0.0
CGRRW,0.0
CGSYY,0.0
CGTSI,0.0
CGTVY,0.0
CHK.P,0.0
CHLAG,0.0
CHLS,0.0
CHYY,0.0
CKW.E,0.0
CI.KV,0.0
CIKDR,0.0
CINGT,0.0
CIPGS,0.0
CK.VQ,0.0
CKGAG,0.0
CKK.P,0.0
CKLK,0.0
CKRGQ,0.0
CI.HG,0.0
AWGLF,0.0
AWH.N,0.0
AWITT,0.0
AWK.T,0.0
AWKTP,0.0
AWMLA,0.0
AWMLD,0.0
AWMLG,0.0
CAIYM,0.0
AWRNF,0.0
AWRQD,0.0
AWSHE,0.0
AWSMD,0.0
AWTED,0.0
AY.KI,0.0
AYASN,0.0
AYEGE,0.0
AWPLH,0.0
ATYTD,0.0
AVCA,0.0
AVCC,0.0
AVDPY,0.0
AVFIE,0.0
AVGEE,0.0
AVMS,0.0
AVNPS,0.0
AWGKY,0.0
AVSLD,0.0
AVTAA,0.0
AVTKN,0.0
AVV.H,0.0
AVVRR,0.0
AVVST,0.0
AWF. ,0.0
AWFF ,0.0
AWGIR,0.0
AVQAY,0.0
C.MRA,0.0
C.MRQ,0.0
C.MVN,0.0
C.NMS,0.0
C.PVN,0.0
C.QTR,0.0
C.VIM,0.0
CAANG,0.0
AYFYE,0.0
CAATF,0.0
CACSA,0.0
CACTV,0.0
CADAA,0.0
CADPW,0.0
CAERH,0.0
CAETT,0.0
CAGDD,0.0
CAASA,0.0
AYGLF,0.0
AYGST,0.0
AYKLF,0.0
AYLTN,0.0
AYQ.C,0.0
AYRGW,0.0
AYWY,0.0
C.CTV,0.0
C.MNL,0.0
C.DAI,0.0
C.DFW,0.0
C.DHG,0.0
C.DMI,0.0
C.ELI,0.0
C.FTR,0.0
C.HKA,0.0
C.KTF,0.0
C.MDK,0.0
C.DAA,0.0
DCSGS,0.0
DCSNT,0.0
DD.IA,0.0
DD.TH,0.0
DDIA,0.0
DDL.M,0.0
DDLDT,0.0
DDREY,0.0
CPGEV,0.0
DDVL,0.0
DE.II,0.0
DE.MD,0.0
DE.SI,0.0
DEPSS,0.0
DERF,0.0
DERGF,0.0
DF.IV,0.0
DDRLL,0.0
D.NFA,0.0
D.QFE,0.0
D.RNK,0.0
D.TNV,0.0
D.TWL,0.0
D.VNC,0.0
D.VNV,0.0
D.YTW,0.0
DCHH,0.0
DA.YI,0.0
DAGMN,0.0
DAGNE,0.0
DALPP,0.0
DARAE,0.0
DATYS,0.0
DAWH,0.0
DC.PW,0.0
DC.WQ,0.0
D.YV ,0.0
DH.DH,0.0
DHCYG,0.0
DHRAH,0.0
DHRYE,0.0
DHSCG,0.0
DI.DA,0.0
DI.ID,0.0
DIFSS,0.0
DFKEG,0.0
DIIY,0.0
DIK.W,0.0
DIPGF,0.0
DIRDA,0.0
DIS.F,0.0
DISPR,0.0
DK.ED,0.0
DK.QI,0.0
DIITG,0.0
DFNQE,0.0
DFPDL,0.0
DFPSP,0.0
DFRRN,0.0
DFRTP,0.0
DFYC,0.0
DGAAD,0.0
DGDRK,0.0
DH.AM,0.0
DGHDR,0.0
DGHPE,0.0
DGIYN,0.0
DGRGM,0.0
DGSHE,0.0
DGSTR,0.0
DGWDR,0.0
DGYC,0.0
DH.AH,0.0
DGEYS,0.0
CRVGV,0.0
CRVPR,0.0
CRVVG,0.0
CSCH,0.0
CSDIA,0.0
CSEED,0.0
CSEGW,0.0
CSGIW,0.0
D.MSD,0.0
CSIDR,0.0
CSIW,0.0
CSLYN,0.0
CSPAA,0.0
CSPTE,0.0
CSRFY,0.0
CSRIS,0.0
CSSQG,0.0
CSI.V,0.0
CPKE,0.0
CPPEA,0.0
CPPEQ,0.0
CPPNS,0.0
CPRRV,0.0
CQ.IF,0.0
CQ.KR,0.0
CQAGN,0.0
CRLNY,0.0
CQGPL,0.0
CRAES,0.0
CRAGI,0.0
CRDEA,0.0
CRDIN,0.0
CRESE,0.0
CRH.T,0.0
CRIET,0.0
CRLNR,0.0
CQFE,0.0
CVGRE,0.0
CVLLA,0.0
CVQPG,0.0
CVWV,0.0
CW.RK,0.0
CWES,0.0
CWGV,0.0
CWV.R,0.0
CSTVG,0.0
D..V ,0.0
D.AII,0.0
D.CFL,0.0
D.CNL,0.0
D.FKY,0.0
D.HPA,0.0
D.ISC,0.0
D.LIW,0.0
CYS.K,0.0
CSWI,0.0
CT.IV,0.0
CT.MN,0.0
CT.NP,0.0
CTEP,0.0
CTGVN,0.0
CTK.V,0.0
CTLRT,0.0
CVFA,0.0
CTPLH,0.0
CTRQV,0.0
CTRRQ,0.0
CTTGA,0.0
CTVN,0.0
CTVYE,0.0
CV.FQ,0.0
CVD.L,0.0
CVEQG,0.0
CTNRA,0.0
AEIGA,0.0
AELMN,0.0
AELVS,0.0
AENAG,0.0
AEQ.H,0.0
AESDL,0.0
AEVVE,0.0
AFDRT,0.0
ATYLE,0.0
AFFGA,0.0
AFFSN,0.0
AFGPG,0.0
AFISS,0.0
AFQDR,0.0
AFSW,0.0
AFVPG,0.0
AGDAE,0.0
AFEGN,0.0
ADI. ,0.0
ADIF ,0.0
ADMGG,0.0
ADNYN,0.0
ADPAE,0.0
ADRCT,0.0
ADRIR,0.0
ADSAF,0.0
AEHGG,0.0
ADSVA,0.0
ADV.W,0.0
AE.DK,0.0
AE.II,0.0
AEDPN,0.0
AEEVY,0.0
AEFQG,0.0
AEGFR,0.0
AEGII,0.0
ADSIE,0.0
AHRSH,0.0
AHSDN,0.0
AICGG,0.0
AICRP,0.0
AIEVY,0.0
AIGQK,0.0
AIKWG,0.0
AILGN,0.0
AGDPF,0.0
AIPHG,0.0
AIPRH,0.0
AIPRY,0.0
AIQGF,0.0
AIRDF,0.0
AIRKK,0.0
AISKN,0.0
AISPY,0.0
AILVA,0.0
AGHKA,0.0
AGIAV,0.0
AGKKA,0.0
AGLII,0.0
AGPGI,0.0
AGPLQ,0.0
AGQIF,0.0
AGSIF,0.0
AHPHG,0.0
AGTIK,0.0
AGVFW,0.0
AGWIF,0.0
AGYAG,0.0
AGYLV,0.0
AH.VH,0.0
AHDL,0.0
AHHA,0.0
AHP.C,0.0
AGSWA,0.0
 CGHN,0.0
 CGPT,0.0
YYS.F,0.0
 CHF,0.0
 CI.H,0.0
 CKED,0.0
 CPGY,0.0
 CPTS,0.0
ADHC,0.0
 CSIW,0.0
YYRN,0.0
 CWGD,0.0
 CWPR,0.0
 CYPR,0.0
A.CMD,0.0
A.CME,0.0
A.HFI,0.0
 CRFA,0.0
 .CKG,0.0
 .DTQ,0.0
 .GGI,0.0
 .GHN,0.0
 .GSN,0.0
 .HF,0.0
 .I.H,0.0
 .KED,0.0
 CGGI,0.0
 .RFA,0.0
 .SIW,0.0
 .VAI,0.0
 .WGD,0.0
 .WPR,0.0
 .YPR,0.0
 CCK,0.0
 CCKG,0.0
 CDTQ,0.0
 .PGY,0.0
AARVV,0.0
AC.PM,0.0
ACAA,0.0
ACC.D,0.0
ACGHE,0.0
ACGKL,0.0
ACH.Y,0.0
ACM.D,0.0
A.KGL,0.0
ACTV,0.0
ACYC,0.0
ACYTE,0.0
AD.HC,0.0
AD.IN,0.0
AD.RW,0.0
ADDK,0.0
ADEGN,0.0
ACRDN,0.0
A.KMI,0.0
A.KPL,0.0
A.KQM,0.0
A.KSL,0.0
A.KTL,0.0
A.NAM,0.0
A.QRM,0.0
A.QYV,0.0
AARFD,0.0
AACSS,0.0
AAEKG,0.0
YVL.P,0.0
AAIRE,0.0
AAIRT,0.0
AAIYE,0.0
AALFY,0.0
AALGL,0.0
AAPVD,0.0
A.YKH,0.0
ARSLW,0.0
ARSVI,0.0
ARTIF,0.0
ARVYA,0.0
ARYLK,0.0
ASAHY,0.0
ASAVN,0.0
ASCKS,0.0
AITQL,0.0
ASDLN,0.0
ASDQL,0.0
ASEDI,0.0
ASEIW,0.0
ASFGW,0.0
ASHIR,0.0
ASHLK,0.0
ASK.L,0.0
ASCPD,0.0
AQGFP,0.0
AQQ.W,0.0
AQSHT,0.0
ARAKA,0.0
ARDMI,0.0
ARECN,0.0
ARFAY,0.0
ARHDT,0.0
ARPVE,0.0
ARHQG,0.0
ARHWT,0.0
ARK.L,0.0
ARLIV,0.0
ARLYF,0.0
ARMRA,0.0
ARNFP,0.0
ARPHT,0.0
ARPKN,0.0
ARHLL,0.0
ATDNY,0.0
ATDQD,0.0
ATIPE,0.0
ATIQL,0.0
ATIVT,0.0
ATK.L,0.0
ATKAD,0.0
ATMVS,0.0
ASKCS,0.0
ATNRW,0.0
ATPNS,0.0
ATQIE,0.0
ATQPE,0.0
ATQVY,0.0
ATSHD,0.0
ATTDQ,0.0
ATWPY,0.0
ATNNR,0.0
ASKGL,0.0
ASKPL,0.0
ASMCY,0.0
ASMNA,0.0
ASNVM,0.0
ASNVY,0.0
ASPQW,0.0
ASQNQ,0.0
ATDNG,0.0
ASVHP,0.0
ASVKS,0.0
ASVKT,0.0
ASVQH,0.0
ASWAT,0.0
ASWLL,0.0
ASYGI,0.0
ATCQT,0.0
ATDKG,0.0
ASQTD,0.0
ALGTM,0.0
ALINQ,0.0
ALLKE,0.0
ALLNI,0.0
ALPQY,0.0
ALPWG,0.0
ALQDG,0.0
ALRCR,0.0
AQFD,0.0
ALSCS,0.0
ALSQQ,0.0
ALVTT,0.0
AMC.L,0.0
AMFV,0.0
AMGQY,0.0
AMPDT,0.0
AMPRD,0.0
ALRYS,0.0
AITSY,0.0
AIVSD,0.0
AIWGS,0.0
AIWRR,0.0
AKGDL,0.0
AKHRS,0.0
AKINE,0.0
AKP.C,0.0
ALGRF,0.0
AKPRR,0.0
AKSTN,0.0
AKTFR,0.0
AKTFS,0.0
AKTFY,0.0
ALAID,0.0
ALATA,0.0
ALAWG,0.0
ALEYF,0.0
AKPNS,0.0
APDGH,0.0
APEVA,0.0
APEYE,0.0
APGCG,0.0
APHK,0.0
APHRP,0.0
APKAA,0.0
APKLV,0.0
AMREQ,0.0
APKTA,0.0
APKVP,0.0
APMGP,0.0
APRIV,0.0
APSWT,0.0
APVEY,0.0
APWPY,0.0
AQANS,0.0
APKRP,0.0
AMRTV,0.0
AMTRQ,0.0
ANAKN,0.0
ANF. ,0.0
ANFF,0.0
ANFF ,0.0
ANFK,0.0
ANGF,0.0
APCSP,0.0
ANLGN,0.0
ANPHG,0.0
ANPSQ,0.0
ANV.H,0.0
ANVK,0.0
ANVTG,0.0
ANW.H,0.0
ANYSS,0.0
APAAD,0.0
ANGRA,0.0
FDRAT,0.0
FDRFS,0.0
FDRSS,0.0
FDTYE,0.0
FDY.F,0.0
FDYTF,0.0
FEEGR,0.0
FEGEN,0.0
DKFTE,0.0
FF.FG,0.0
FF.PP,0.0
FFC.S,0.0
FFGGL,0.0
FFLYN,0.0
FFR.F,0.0
FFRGF,0.0
FG.IK,0.0
FEREY,0.0
F.TQA,0.0
F.VCQ,0.0
F.WTK,0.0
F.YWD,0.0
FA.HG,0.0
FA.KK,0.0
FA.VD,0.0
FAA.I,0.0
FDGNT,0.0
FAEAG,0.0
FAIE,0.0
FALDG,0.0
FAPTE,0.0
FAY.N,0.0
FC.PE,0.0
FC.RR,0.0
FCL.Y,0.0
FD.FS,0.0
FAD.H,0.0
FHQ.P,0.0
FHVA,0.0
FIDS,0.0
FIFE,0.0
FIHD,0.0
FIPYG,0.0
FISDT,0.0
FIT.H,0.0
FG.PM,0.0
FKHNE,0.0
FKKRT,0.0
FKLGY,0.0
FKM.S,0.0
FKY.T,0.0
FLAYN,0.0
FLH.Y,0.0
FLHH,0.0
FKDGG,0.0
FGAHT,0.0
FGE.M,0.0
FGEAG,0.0
FGFNS,0.0
FGGPM,0.0
FGPLQ,0.0
FGRTV,0.0
FGTLQ,0.0
FHN.R,0.0
FGVPL,0.0
FH.IL,0.0
FH.RI,0.0
FHAF,0.0
FHEF,0.0
FHGAN,0.0
FHK.L,0.0
FHKQ,0.0
FHN.I,0.0
FGTVN,0.0
ETNF ,0.0
ETPVD,0.0
ETQ.W,0.0
ETRLV,0.0
ETVLN,0.0
ETWGV,0.0
EVALE,0.0
EVESN,0.0
F.TMA,0.0
EVGFY,0.0
EVGPG,0.0
EVGQK,0.0
EVLNR,0.0
EVQGW,0.0
EVRTA,0.0
EVTGH,0.0
EVTLR,0.0
EVETE,0.0
ESKLF,0.0
ESKNS,0.0
ESKPG,0.0
ESKVR,0.0
ESNM,0.0
ESREP,0.0
ESSDL,0.0
ESSNR,0.0
ETN. ,0.0
ESTQE,0.0
ESTYT,0.0
ESWAL,0.0
ESYGQ,0.0
ET.KC,0.0
ETDGA,0.0
ETFGR,0.0
ETGKC,0.0
ETGNR,0.0
ESTPN,0.0
F CCK,0.0
F CHF,0.0
F.CCK,0.0
F.CHF,0.0
F.EID,0.0
F.ESP,0.0
F.FAR,0.0
F.FFQ,0.0
EVWEG,0.0
F.IIT,0.0
F.KNR,0.0
F.LFH,0.0
F.LIQ,0.0
F.LKA,0.0
F.NAR,0.0
F.QWA,0.0
F.SFV,0.0
F.FGL,0.0
EW.YA,0.0
EWK.K,0.0
EWLC,0.0
EWLE,0.0
EWLI,0.0
EWPGE,0.0
EWRTS,0.0
EWWA,0.0
F .HF,0.0
EYIPG,0.0
EYNR,0.0
EYNRD,0.0
EYQGP,0.0
EYSPG,0.0
EYTC,0.0
EYTRG,0.0
EYY.N,0.0
F .CK,0.0
EYE.I,0.0
GALFI,0.0
GALMK,0.0
GANAK,0.0
GANGL,0.0
GAPIV,0.0
GAQGH,0.0
GAQHG,0.0
GAQLP,0.0
FLLM,0.0
GAVGD,0.0
GAVTV,0.0
GAYC,0.0
GAYEG,0.0
GCENS,0.0
GCFEK,0.0
GCFNY,0.0
GCGQE,0.0
GASKV,0.0
FYSDR,0.0
FYWD,0.0
G.DEW,0.0
G.DVW,0.0
G.IKW,0.0
G.MLL,0.0
G.S.C,0.0
G.SGC,0.0
GAKDR,0.0
G.WIC,0.0
G.YIH,0.0
GA.MW,0.0
GAAER,0.0
GADVR,0.0
GADYW,0.0
GAECT,0.0
GAEVY,0.0
GAGVW,0.0
G.TAM,0.0
GDRSW,0.0
GDTLS,0.0
GDY.A,0.0
GDYRA,0.0
GEACT,0.0
GEATR,0.0
GEDQV,0.0
GEEAR,0.0
GCKRD,0.0
GEGYI,0.0
GEGYR,0.0
GEKHQ,0.0
GELAS,0.0
GEQLT,0.0
GEQPY,0.0
GESSF,0.0
GEVKD,0.0
GEFNS,0.0
GCLVG,0.0
GCP.W,0.0
GCPEG,0.0
GCTPL,0.0
GDAQH,0.0
GDCST,0.0
GDDRA,0.0
GDEAE,0.0
GDRSF,0.0
GDF.F,0.0
GDFAT,0.0
GDFGA,0.0
GDKFY,0.0
GDKKE,0.0
GDPEV,0.0
GDPFG,0.0
GDQPS,0.0
GDRKH,0.0
GDEVL,0.0
FPQST,0.0
FPSLN,0.0
FPSNR,0.0
FPTTG,0.0
FPYLG,0.0
FQ.DK,0.0
FQ.EH,0.0
FQ.HA,0.0
FYRRT,0.0
FQEW,0.0
FQLGL,0.0
FQRSR,0.0
FQRVS,0.0
FRAKA,0.0
FRARV,0.0
FRDDP,0.0
FREED,0.0
FQ.IR,0.0
FLLRL,0.0
FLPAN,0.0
FLTLR,0.0
FLVGD,0.0
FMD.D,0.0
FMRY,0.0
FN.LV,0.0
FNAGG,0.0
FPQSP,0.0
FNFD,0.0
FNGAR,0.0
FNPNY,0.0
FPEGA,0.0
FPELS,0.0
FPIRE,0.0
FPPPK,0.0
FPPQD,0.0
FPQGC,0.0
FNCG,0.0
FTLGR,0.0
FTLRD,0.0
FV.PA,0.0
FVPGP,0.0
FW.ID,0.0
FW.KE,0.0
FWAGT,0.0
FWEI,0.0
FRNQG,0.0
FWQR,0.0
FWWGG,0.0
FY.IR,0.0
FYAGV,0.0
FYGTP,0.0
FYI.P,0.0
FYK.I,0.0
FYKNI,0.0
FWLV,0.0
LGVVR,0.0
FRRYS,0.0
FRSDG,0.0
FS.FS,0.0
FSARP,0.0
FSCI,0.0
FSFDR,0.0
FSGGK,0.0
FTKV,0.0
FSLY,0.0
FSPPT,0.0
FSRLY,0.0
FSRPT,0.0
FST.W,0.0
FSVLG,0.0
FSVNY,0.0
FTGDD,0.0
FTH.D,0.0
FSKNE,0.0
DVDW,0.0
DVEA,0.0
DVEAF,0.0
DVGA,0.0
DVGGK,0.0
DVLA,0.0
DVLAG,0.0
DVMGG,0.0
ESHGN,0.0
DVRA,0.0
DWGDQ,0.0
DWLC,0.0
DWMDR,0.0
DWT.C,0.0
DWTGC,0.0
DYA.P,0.0
DYLGL,0.0
DVPSE,0.0
DSFCG,0.0
DSING,0.0
DSKEN,0.0
DSNYS,0.0
DSRYL,0.0
DSTQR,0.0
DSTTA,0.0
DSTVP,0.0
DV.AG,0.0
DT.YK,0.0
DTEQE,0.0
DTEVR,0.0
DTKGS,0.0
DTM.A,0.0
DTNET,0.0
DTRHQ,0.0
DTVCN,0.0
DV.AF,0.0
DSWDN,0.0
E.LCE,0.0
E.PMH,0.0
E.PPM,0.0
E.PYK,0.0
E.R. ,0.0
E.RF ,0.0
E.RME,0.0
E.RMR,0.0
DYMR,0.0
E.YGC,0.0
EAAPS,0.0
EACSG,0.0
EADF,0.0
EAF.M,0.0
EAGFL,0.0
EALSN,0.0
EAMAY,0.0
E.VKM,0.0
DYNH,0.0
DYPGD,0.0
DYRDI,0.0
DYRPR,0.0
DYSGP,0.0
DYSSP,0.0
DYVPG,0.0
E.AAW,0.0
E.KVI,0.0
E.AQL,0.0
E.CFN,0.0
E.CTR,0.0
E.DII,0.0
E.FYS,0.0
E.GMM,0.0
E.HAV,0.0
E.HGI,0.0
E.KIE,0.0
E.ADD,0.0
DMGKN,0.0
DMLGG,0.0
DMQ.Y,0.0
DNCNE,0.0
DNERA,0.0
DNGGR,0.0
DNLEQ,0.0
DNLRD,0.0
DSEYF,0.0
DNQGV,0.0
DNQQG,0.0
DNRRG,0.0
DNS.I,0.0
DNSPG,0.0
DNYSP,0.0
DPCLQ,0.0
DPDPT,0.0
DNPSP,0.0
DKGDL,0.0
DKGQI,0.0
DKRPY,0.0
DKRQE,0.0
DKVDR,0.0
DLD.M,0.0
DLDRF,0.0
DLGRH,0.0
DMGAE,0.0
DLINS,0.0
DLLPR,0.0
DLMRQ,0.0
DLPVY,0.0
DLRPY,0.0
DM.LQ,0.0
DMDSG,0.0
DMEGY,0.0
DMETG,0.0
DLHVS,0.0
DQVYE,0.0
DRDEC,0.0
DRGCI,0.0
DRIRK,0.0
DRIVN,0.0
DRLCR,0.0
DRMGT,0.0
DRMM,0.0
DPFRS,0.0
DRNRY,0.0
DRPTQ,0.0
DRQYQ,0.0
DRSGC,0.0
DRSPC,0.0
DRSTT,0.0
DRTQR,0.0
DRYTY,0.0
DRNPA,0.0
DPGVV,0.0
DPKNQ,0.0
DPKRN,0.0
DPML,0.0
DPPQT,0.0
DPRTN,0.0
DPW.K,0.0
DPYI,0.0
DQTNQ,0.0
DQ.WK,0.0
DQEDT,0.0
DQF.H,0.0
DQGGK,0.0
DQGIT,0.0
DQGWA,0.0
DQPRT,0.0
DQPST,0.0
DQRDD,0.0
DQ.MT,0.0
EMIS,0.0
EMV.V,0.0
EMVY,0.0
EMYSN,0.0
EN.IQ,0.0
ENGTE,0.0
ENHNE,0.0
ENMP,0.0
EAPGW,0.0
ENRQE,0.0
ENRSQ,0.0
ENTPQ,0.0
ENVQG,0.0
ENWK,0.0
EP.CP,0.0
EPALE,0.0
EPHQG,0.0
ENQI,0.0
EKKLA,0.0
EKKRE,0.0
EKQRD,0.0
EKRYE,0.0
EKTQP,0.0
EL.MV,0.0
ELDNT,0.0
ELDSA,0.0
EMGQR,0.0
ELQRS,0.0
ELRAI,0.0
ELRPY,0.0
ELRSL,0.0
ELSRA,0.0
ELT.C,0.0
ELTGC,0.0
EM.KS,0.0
EME.N,0.0
ELPEG,0.0
ERLPR,0.0
ERMGP,0.0
ERN.F,0.0
ERPIG,0.0
ERQSN,0.0
ERSM,0.0
ERTNQ,0.0
ERTPT,0.0
EPISS,0.0
ERWW,0.0
ERWYE,0.0
ERYSG,0.0
ES.WM,0.0
ESARH,0.0
ESDLG,0.0
ESEAG,0.0
ESGSH,0.0
ERVAY,0.0
EPKGH,0.0
EPLTT,0.0
EPPEL,0.0
EPTQP,0.0
EQ.DK,0.0
EQ.KY,0.0
EQDM,0.0
EQFA,0.0
ERKWT,0.0
EQPGR,0.0
EQQEQ,0.0
ER.IH,0.0
ERAFP,0.0
ERDPC,0.0
ERDRH,0.0
ERFLR,0.0
ERGDH,0.0
ERKQE,0.0
EQGKY,0.0
EEGIS,0.0
EEKEA,0.0
EEKSS,0.0
EENRQ,0.0
EEPSR,0.0
EERVA,0.0
EETVE,0.0
EEWGT,0.0
EKII,0.0
EF.KE,0.0
EFADR,0.0
EFTLA,0.0
EGAWL,0.0
EGDFS,0.0
EGDRC,0.0
EGFSE,0.0
EGGIR,0.0
EF.FQ,0.0
EARSP,0.0
EASIR,0.0
EASPD,0.0
EC.AQ,0.0
EC.LL,0.0
EC.YQ,0.0
ECGVA,0.0
ED.YC,0.0
EE.SC,0.0
EDGTP,0.0
EDPET,0.0
EDRWD,0.0
EDVDR,0.0
EDVI,0.0
EDVNQ,0.0
EDW.H,0.0
EDY.F,0.0
EE.NC,0.0
ED.YK,0.0
EH.ED,0.0
EIADR,0.0
EIAGL,0.0
EIEGG,0.0
EIH.V,0.0
EIKTY,0.0
EILLE,0.0
EIRYT,0.0
EGGMR,0.0
EIVPG,0.0
EK.EI,0.0
EKAGK,0.0
EKCYE,0.0
EKENS,0.0
EKGCG,0.0
EKGHS,0.0
EKI.H,0.0
EITRT,0.0
EGGYC,0.0
EGHSQ,0.0
EGHSR,0.0
EGHTA,0.0
EGHTP,0.0
EGIRR,0.0
EGKVL,0.0
EGLLK,0.0
EGWIY,0.0
EGPNK,0.0
EGRNH,0.0
EGSHS,0.0
EGSLD,0.0
EGTCY,0.0
EGVIS,0.0
EGVKD,0.0
EGVVG,0.0
EGVWT,0.0
EGMEQ,0.0
T.WNH,0.0
T.YHY,0.0
T.YMD,0.0
TA.QL,0.0
TAAMN,0.0
TAFLN,0.0
TAPFS,0.0
TAPHG,0.0
LSLDA,0.0
TARED,0.0
TARPD,0.0
TARSD,0.0
TASHE,0.0
TASMN,0.0
TAVKN,0.0
TC.HQ,0.0
TCC.N,0.0
TAQGF,0.0
SYLPK,0.0
SYLQR,0.0
SYMDR,0.0
SYRTK,0.0
SYSAH,0.0
SYSHH,0.0
SYTNA,0.0
SYWRE,0.0
T.RYM,0.0
T.CCP,0.0
T.DDC,0.0
T.FAL,0.0
T.HHA,0.0
T.HSW,0.0
T.NHA,0.0
T.NII,0.0
T.PNV,0.0
T.CAV,0.0
TDSSF,0.0
TDVGR,0.0
TDVQG,0.0
TDYPG,0.0
TDYYN,0.0
TE.YK,0.0
TEARN,0.0
TEARR,0.0
TCD.N,0.0
TEH.S,0.0
TEKI,0.0
TEPLS,0.0
TEPVS,0.0
TEQGT,0.0
TERGP,0.0
TERKD,0.0
TEVIP,0.0
TEGSC,0.0
TCDSN,0.0
TCGGE,0.0
TCGGI,0.0
TCGNS,0.0
TCIP,0.0
TCKY,0.0
TCQ.E,0.0
TCTGL,0.0
TDSLE,0.0
TDFPD,0.0
TDGQN,0.0
TDHGT,0.0
TDIGT,0.0
TDKDR,0.0
TDLSP,0.0
TDML,0.0
TDRQP,0.0
TDSGV,0.0
TCVRG,0.0
STPCV,0.0
STPKK,0.0
STQQS,0.0
STQRF,0.0
STSSI,0.0
STWEV,0.0
SVAHT,0.0
SVAMA,0.0
SYLKV,0.0
SVEYH,0.0
SVFFD,0.0
SVHPS,0.0
SVHTN,0.0
SVIRH,0.0
SVISV,0.0
SVLKQ,0.0
SVPIV,0.0
SVEFV,0.0
SRYFA,0.0
SRYQI,0.0
SRYRY,0.0
SSDDF,0.0
SSDNF,0.0
SSHAI,0.0
SSHHD,0.0
SSMHQ,0.0
STLWL,0.0
SSSYI,0.0
SSTKI,0.0
SSWEI,0.0
STAKD,0.0
STAM,0.0
STIEL,0.0
STINS,0.0
STISE,0.0
STITQ,0.0
SSPMC,0.0
SWPPI,0.0
SWQQP,0.0
SWRRK,0.0
SWRSN,0.0
SWRYT,0.0
SWTDS,0.0
SWTFL,0.0
SWVKA,0.0
SVQKD,0.0
SWY.C,0.0
SYAST,0.0
SYDLE,0.0
SYDNE,0.0
SYDVL,0.0
SYELS,0.0
SYENG,0.0
SYIYR,0.0
SWVLL,0.0
SVQPV,0.0
SVRKT,0.0
SVTKL,0.0
SVVTK,0.0
SWATK,0.0
SWATS,0.0
SWAVN,0.0
SWCRT,0.0
SWPPE,0.0
SWDKG,0.0
SWEI,0.0
SWEIT,0.0
SWEPA,0.0
SWFTG,0.0
SWGKN,0.0
SWKAY,0.0
SWKVG,0.0
SWNC,0.0
SWCYE,0.0
TQVLS,0.0
TQWL,0.0
TQWS,0.0
TR.MW,0.0
TRAEL,0.0
TRAHT,0.0
TRAPK,0.0
TRARF,0.0
TF.GM,0.0
TRDGF,0.0
TRERH,0.0
TRFDT,0.0
TRISR,0.0
TRKDP,0.0
TRN. ,0.0
TRNF ,0.0
TRPIL,0.0
TRDDS,0.0
TPDES,0.0
TPFSR,0.0
TPGSL,0.0
TPHPR,0.0
TPKDS,0.0
TPLFP,0.0
TPLSL,0.0
TPM.I,0.0
TQGCD,0.0
TPQSR,0.0
TPRIL,0.0
TPRYF,0.0
TPSYR,0.0
TPTQD,0.0
TPTSP,0.0
TPYST,0.0
TQALQ,0.0
TQD.I,0.0
TPQGM,0.0
TSIPA,0.0
TSLQT,0.0
TSMQG,0.0
TSPDI,0.0
TSPFD,0.0
TSPRL,0.0
TSQAP,0.0
TSQNE,0.0
TRPLH,0.0
TSSMD,0.0
TSTIT,0.0
TSVQW,0.0
TT.VH,0.0
TTERR,0.0
TTGSH,0.0
TTIGG,0.0
TTKNR,0.0
TSREC,0.0
TRPYT,0.0
TRQNI,0.0
TRREP,0.0
TRRIP,0.0
TRRKS,0.0
TRRTL,0.0
TRSAA,0.0
TRTCG,0.0
TSHGN,0.0
TRVDY,0.0
TRVWG,0.0
TRVWP,0.0
TRWF,0.0
TSAAS,0.0
TSAMP,0.0
TSCST,0.0
TSDKY,0.0
TSELW,0.0
TRTQV,0.0
TGLWV,0.0
TGMVA,0.0
TGNST,0.0
TGRHR,0.0
TGRTW,0.0
TGSIH,0.0
TGSMY,0.0
TGTTV,0.0
TPCW,0.0
TH.TF,0.0
THCSG,0.0
THGLT,0.0
THLDT,0.0
THN.I,0.0
TIHRG,0.0
TINF,0.0
TINSG,0.0
TH.SW,0.0
TFINQ,0.0
TFIW,0.0
TFLAY,0.0
TFLPR,0.0
TFM.Q,0.0
TFNRD,0.0
TFPGV,0.0
TFT. ,0.0
TGLPV,0.0
TFWH,0.0
TGAND,0.0
TGDGI,0.0
TGDIP,0.0
TGHHQ,0.0
TGHLA,0.0
TGIGW,0.0
TGLDW,0.0
TGLPL,0.0
TFTF ,0.0
TME.A,0.0
TMGTA,0.0
TMLI,0.0
TMP.P,0.0
TMS.V,0.0
TN.WR,0.0
TNGAA,0.0
TNKRG,0.0
TIPDE,0.0
TNPEK,0.0
TNPYS,0.0
TNQGK,0.0
TNRDY,0.0
TNTYN,0.0
TP.CC,0.0
TPAPY,0.0
TPCGL,0.0
TNLQE,0.0
TIPQH,0.0
TIQNT,0.0
TIT.F,0.0
TK.FI,0.0
TK.SH,0.0
TKREE,0.0
TKRQR,0.0
TKTAL,0.0
TMAFF,0.0
TLAAK,0.0
TLAIE,0.0
TLFSR,0.0
TLGWA,0.0
TLI.F,0.0
TLKAF,0.0
TLRFR,0.0
TLVGI,0.0
TLYEA,0.0
TKYGT,0.0
SFADD,0.0
SFDPP,0.0
SFDPY,0.0
SFGQH,0.0
SFGQM,0.0
SFHYT,0.0
SFIDT,0.0
SFKNE,0.0
SRYAL,0.0
SFLLM,0.0
SFNLN,0.0
SFNTA,0.0
SFPHQ,0.0
SFQAH,0.0
SFQTV,0.0
SFQVA,0.0
SFSFY,0.0
SFLIP,0.0
SEAQF,0.0
SECYP,0.0
SEDKV,0.0
SEEHP,0.0
SEGME,0.0
SEIFG,0.0
SEIFY,0.0
SEKHP,0.0
SEYTP,0.0
SENVR,0.0
SEPDL,0.0
SEPFK,0.0
SEQQE,0.0
SEQSA,0.0
SERDF,0.0
SERND,0.0
SETND,0.0
SEYPA,0.0
SELWS,0.0
SGYHS,0.0
SGYVT,0.0
SHADG,0.0
SHAIT,0.0
SHALE,0.0
SHFGV,0.0
SHIEA,0.0
SHIPT,0.0
SFSSF,0.0
SHLVA,0.0
SHN.W,0.0
SHNPD,0.0
SHNRS,0.0
SHPSD,0.0
SHPVE,0.0
SHPVQ,0.0
SHRFG,0.0
SHIYS,0.0
SFVEE,0.0
SFW.C,0.0
SFWGC,0.0
SFYTY,0.0
SFYWD,0.0
SGADA,0.0
SGDFV,0.0
SGDLH,0.0
SGSQI,0.0
SGGYW,0.0
SGHMG,0.0
SGIES,0.0
SGIHF,0.0
SGIIL,0.0
SGIRM,0.0
SGLHH,0.0
SGLPF,0.0
SGSFK,0.0
SGEWY,0.0
SAAFN,0.0
SACKR,0.0
SACPW,0.0
SADKD,0.0
SADLH,0.0
SAENA,0.0
SAFGC,0.0
SAGQC,0.0
SDYQR,0.0
SAKTF,0.0
SALKN,0.0
SALRM,0.0
SANHE,0.0
SAPAM,0.0
SAPIR,0.0
SAQTH,0.0
SATFI,0.0
SAKHY,0.0
RWLLE,0.0
RWPPE,0.0
RWQA,0.0
RWR.C,0.0
RWRIR,0.0
RWTNY,0.0
RY.WT,0.0
RYEGL,0.0
S.VMI,0.0
RYNGG,0.0
RYPTN,0.0
RYQD,0.0
RYQI,0.0
RYRVT,0.0
RYVQE,0.0
RYWGT,0.0
S.FMH,0.0
S.MYC,0.0
RYGSL,0.0
SDGWL,0.0
SDHSD,0.0
SDIFP,0.0
SDIGK,0.0
SDKIP,0.0
SDKIS,0.0
SDKRK,0.0
SDMDG,0.0
SAVFS,0.0
SDNTA,0.0
SDRIV,0.0
SDTKR,0.0
SDTPA,0.0
SDV.A,0.0
SDVTK,0.0
SDWAA,0.0
SDYAE,0.0
SDMVR,0.0
SAVPY,0.0
SC.WL,0.0
SCD.I,0.0
SCEVS,0.0
SCGEK,0.0
SCLCT,0.0
SCLLP,0.0
SCLPA,0.0
SDFIE,0.0
SCPWD,0.0
SCRKW,0.0
SCRPA,0.0
SCRYD,0.0
SCVQP,0.0
SCVRP,0.0
SDCER,0.0
SDCIG,0.0
SDDNR,0.0
SCPSV,0.0
SPRLH,0.0
SPSEC,0.0
SPTGM,0.0
SPVQQ,0.0
SPWEY,0.0
SQAMD,0.0
SQCER,0.0
SQCSP,0.0
SHRFR,0.0
SQFHS,0.0
SQFRL,0.0
SQFYS,0.0
SQGHM,0.0
SQHC,0.0
SQI.M,0.0
SQIGN,0.0
SQKDN,0.0
SQF.C,0.0
SNQSA,0.0
SNSKR,0.0
SNYLP,0.0
SPAVK,0.0
SPCAD,0.0
SPCVP,0.0
SPCWR,0.0
SPFGI,0.0
SPRAM,0.0
SPIQT,0.0
SPLKE,0.0
SPLKQ,0.0
SPLTW,0.0
SPNKE,0.0
SPPKY,0.0
SPQFT,0.0
SPQIK,0.0
SPQPE,0.0
SPILN,0.0
SRDCD,0.0
SRECQ,0.0
SREQC,0.0
SRFIE,0.0
SRHGI,0.0
SRIEL,0.0
SRISF,0.0
SRKYF,0.0
SQLPI,0.0
SRNNK,0.0
SRQKE,0.0
SRSCP,0.0
SRSYD,0.0
SRTMT,0.0
SRVEW,0.0
SRVFE,0.0
SRWNG,0.0
SRMYF,0.0
SQLSD,0.0
SQLWV,0.0
SQMPL,0.0
SQNGH,0.0
SQNNS,0.0
SQNTP,0.0
SQNVR,0.0
SQPEV,0.0
SQYSQ,0.0
SQQYY,0.0
SQRPH,0.0
SQRRI,0.0
SQSQV,0.0
SQSTP,0.0
SQTEP,0.0
SQTSH,0.0
SQVCQ,0.0
SQW.C,0.0
SQQDA,0.0
SKCYE,0.0
SKDQL,0.0
SKFQP,0.0
SKGYD,0.0
SKIYG,0.0
SKKMG,0.0
SKKSN,0.0
SKLTK,0.0
SNNYE,0.0
SKNET,0.0
SKNGN,0.0
SKNIA,0.0
SKPAC,0.0
SKPLT,0.0
SKPVE,0.0
SKQDE,0.0
SKRLL,0.0
SKNAY,0.0
SHSIL,0.0
SHVKR,0.0
SIAEI,0.0
SIDTN,0.0
SIEAY,0.0
SIEGN,0.0
SIGCN,0.0
SIHGA,0.0
SKCRV,0.0
SIKLY,0.0
SILFT,0.0
SILQV,0.0
SISSK,0.0
SITET,0.0
SITNP,0.0
SITSN,0.0
SIVHL,0.0
SK.SA,0.0
SIHLI,0.0
SMATN,0.0
SMDSQ,0.0
SMHQ,0.0
SMHRV,0.0
SMMGG,0.0
SMRGY,0.0
SMTVE,0.0
SMWL,0.0
SKSPD,0.0
SNDH,0.0
SNEGS,0.0
SNELT,0.0
SNGLH,0.0
SNKDQ,0.0
SNLTY,0.0
SNNA,0.0
SNNGG,0.0
SN.CH,0.0
SKTHL,0.0
SKVLY,0.0
SKVVI,0.0
SKY.C,0.0
SLDVM,0.0
SLHKT,0.0
SLIKV,0.0
SLIQF,0.0
SLYQI,0.0
SLKTF,0.0
SLLHK,0.0
SLMQP,0.0
SLNQF,0.0
SLRKC,0.0
SLRLC,0.0
SLSME,0.0
SLTHI,0.0
SLWIG,0.0
SLKMN,0.0
WSQC,0.0
WSSKL,0.0
WTAHN,0.0
WTFT,0.0
WTFTD,0.0
WTGCE,0.0
WTM.E,0.0
WTNRA,0.0
TTKSR,0.0
WTRFN,0.0
WTSFE,0.0
WTSSD,0.0
WTTVY,0.0
WTVFG,0.0
WVGPQ,0.0
WVIA,0.0
WVPLA,0.0
WTNRD,0.0
WRGDY,0.0
WRGPF,0.0
WRGTK,0.0
WRLVA,0.0
WRNPG,0.0
WRPLN,0.0
WRSQY,0.0
WRSTA,0.0
WSPSP,0.0
WRTNR,0.0
WSDLS,0.0
WSFPN,0.0
WSGQY,0.0
WSGYN,0.0
WSKM,0.0
WSLLV,0.0
WSNNE,0.0
WRTKN,0.0
Y.IIG,0.0
Y.NIA,0.0
Y.PFV,0.0
Y.SAQ,0.0
Y.WSK,0.0
Y.YQR,0.0
YA.YQ,0.0
YADSS,0.0
WVRPT,0.0
YARAP,0.0
YARRV,0.0
YASDT,0.0
YCPF,0.0
YD.FQ,0.0
YDEAF,0.0
YDSQE,0.0
YE.TP,0.0
YAFN,0.0
WW.GW,0.0
WWEGN,0.0
WWKG,0.0
WWPP,0.0
WWRA,0.0
WY.ER,0.0
WYDG,0.0
WYGGA,0.0
Y.HVS,0.0
WYL.R,0.0
WYRET,0.0
WYSV,0.0
WYV.S,0.0
Y.AHA,0.0
Y.CKP,0.0
Y.DAY,0.0
Y.EIY,0.0
Y.HDS,0.0
WYGGG,0.0
WGSDQ,0.0
WGVHT,0.0
WH.EE,0.0
WH.SG,0.0
WHAYE,0.0
WHGQ,0.0
WI.LN,0.0
WIAYN,0.0
WREID,0.0
WIHI,0.0
WITT,0.0
WK.AH,0.0
WK.TG,0.0
WK.TQ,0.0
WKET,0.0
WKETQ,0.0
WKFPG,0.0
WIGDE,0.0
WEQGR,0.0
WESQE,0.0
WET.R,0.0
WETET,0.0
WETPY,0.0
WEY.D,0.0
WEYTD,0.0
WF.QE,0.0
WGRYY,0.0
WGAWE,0.0
WGDLN,0.0
WGELS,0.0
WGIEA,0.0
WGKTQ,0.0
WGKVY,0.0
WGMEQ,0.0
WGPAL,0.0
WGRMG,0.0
WFHT,0.0
WNAY,0.0
WNAYN,0.0
WNPRG,0.0
WNQ.D,0.0
WNSSN,0.0
WNV.A,0.0
WPENT,0.0
WPGFS,0.0
WKGAD,0.0
WPPYN,0.0
WQ.LE,0.0
WQ.WS,0.0
WQFL,0.0
WQGLE,0.0
WQHG,0.0
WR.PF,0.0
WREEE,0.0
WPPRL,0.0
WKGT,0.0
WKL.H,0.0
WKNT,0.0
WKWR,0.0
WL.DC,0.0
WL.TI,0.0
WLASG,0.0
WLLTE,0.0
WMS.R,0.0
WLV.C,0.0
WLWGG,0.0
WLWR,0.0
WLWY,0.0
WM.AA,0.0
WM.DP,0.0
WMARG,0.0
WMK.S,0.0
WMLG,0.0
WLTVE,0.0
YQ.EP,0.0
YQE.V,0.0
YQEA,0.0
YQHQP,0.0
YQKSG,0.0
YQPRE,0.0
YQR.V,0.0
YQRGV,0.0
YE.YR,0.0
YQTGR,0.0
YRAVH,0.0
YRDAL,0.0
YRDKP,0.0
YRNNT,0.0
YRQDY,0.0
YRRHT,0.0
YRRLY,0.0
YQRRT,0.0
YNIG,0.0
YNPH,0.0
YNPLT,0.0
YNRKG,0.0
YNSDT,0.0
YNTNE,0.0
YNY.T,0.0
YP.EM,0.0
YPSRL,0.0
YPEH,0.0
YPGID,0.0
YPGPH,0.0
YPNW,0.0
YPPLE,0.0
YPPLH,0.0
YPPNG,0.0
YPPPN,0.0
YPRYL,0.0
YP.KQ,0.0
YVAD,0.0
YVGKG,0.0
YVGQS,0.0
YYRGH,0.0
YVLF,0.0
YVRRL,0.0
YVRVL,0.0
YWG.W,0.0
YRTQP,0.0
YWTSS,0.0
 CVAI,0.0
 CGSN,0.0
YSA.C,0.0
YWV.K,0.0
YY.EV,0.0
YYLRG,0.0
YYPGL,0.0
YWP.F,0.0
YRVPF,0.0
YRVVT,0.0
 .CK,0.0
YSD.F,0.0
YSGLP,0.0
YSGSF,0.0
YSIIG,0.0
YSIVH,0.0
YTKSE,0.0
YSSLY,0.0
YSTQD,0.0
YSTVR,0.0
YSWTA,0.0
YSYM,0.0
YSYQR,0.0
YT.CR,0.0
YTASE,0.0
YTGRY,0.0
YSLRQ,0.0
YG.IK,0.0
YGATR,0.0
YGGFE,0.0
YGGPI,0.0
YGKAS,0.0
YGLVV,0.0
YGNC,0.0
YGQRR,0.0
YNHYE,0.0
YGTIY,0.0
YGTQG,0.0
YGTRA,0.0
YGVPL,0.0
YGVQE,0.0
YHPQG,0.0
YHRAF,0.0
YHRNT,0.0
YGRQD,0.0
YEDC,0.0
YEE.P,0.0
YEGTP,0.0
YEGVN,0.0
YEIA,0.0
YERRE,0.0
YESNT,0.0
YEVSG,0.0
YG.HH,0.0
YEY.R,0.0
YEYRG,0.0
YFDYG,0.0
YFGVL,0.0
YFN.N,0.0
YFPYN,0.0
YFQGA,0.0
YFSGV,0.0
YG.AC,0.0
YEWA,0.0
YLAGC,0.0
YLAYG,0.0
YLEGG,0.0
YLGAR,0.0
YLKTY,0.0
YLKV,0.0
YLNLG,0.0
YLPLS,0.0
YI.DF,0.0
YLSKG,0.0
YLSNY,0.0
YLWI,0.0
YM.TQ,0.0
YMA.E,0.0
YMA.F,0.0
YN.VV,0.0
YNH.E,0.0
YLQTS,0.0
YI.DK,0.0
YIGPG,0.0
YIHQ,0.0
YIHQP,0.0
YILEQ,0.0
YIQV,0.0
YIVL,0.0
YK.CT,0.0
YLA.C,0.0
YKA.L,0.0
YKAGY,0.0
YKGRR,0.0
YKKK,0.0
YKKY,0.0
YKN.A,0.0
YKPRG,0.0
YKREG,0.0
YKRNQ,0.0
YK.LK,0.0
VFGGR,0.0
VFNSS,0.0
VFS.H,0.0
VGAAP,0.0
VGADA,0.0
VGDPR,0.0
VGDRC,0.0
VGGNV,0.0
WEQDR,0.0
VGILD,0.0
VGKVS,0.0
VGLPT,0.0
VGPQN,0.0
VGPVA,0.0
VGQEV,0.0
VGQLT,0.0
VGQVW,0.0
VGICT,0.0
VDSPW,0.0
VEFNT,0.0
VEGLI,0.0
VEGNL,0.0
VEGVW,0.0
VEHPP,0.0
VEKTQ,0.0
VELRE,0.0
VFGDY,0.0
VEPKG,0.0
VETER,0.0
VETVG,0.0
VEVSR,0.0
VEVYP,0.0
VEYH,0.0
VEYSS,0.0
VF.WG,0.0
VFA.H,0.0
VELTT,0.0
VLALS,0.0
VLAMG,0.0
VLC.V,0.0
VLCA,0.0
VLCAE,0.0
VLDYT,0.0
VLEC,0.0
VLITY,0.0
VGRLY,0.0
VLKEP,0.0
VLLTE,0.0
VLQ.I,0.0
VLREK,0.0
VLRSR,0.0
VLSQR,0.0
VLTTL,0.0
VLV.C,0.0
VLIYS,0.0
VGTFT,0.0
VGVWN,0.0
VH.KG,0.0
VHGVR,0.0
VHK.P,0.0
VI.PV,0.0
VID.T,0.0
VIH.A,0.0
VLAIY,0.0
VK.KH,0.0
VK.RK,0.0
VK.SV,0.0
VKFK,0.0
VKGTP,0.0
VKQEN,0.0
VKRES,0.0
VKRLA,0.0
VKTAA,0.0
VIK.N,0.0
TWFTE,0.0
TWI.V,0.0
TWKI,0.0
TWP.P,0.0
TWSRQ,0.0
TWTLY,0.0
TWTVL,0.0
TY.YR,0.0
VDSDR,0.0
TYTA,0.0
V.CAF,0.0
V.ITI,0.0
V.MNN,0.0
V.MVN,0.0
V.NHR,0.0
V.QIH,0.0
V.RKM,0.0
TYK.D,0.0
TTLNY,0.0
TTLVG,0.0
TTMQ,0.0
TTPSE,0.0
TTTEG,0.0
TVAHT,0.0
TVFGY,0.0
TVLDQ,0.0
TWEYG,0.0
TVLTS,0.0
TVN.W,0.0
TVQDG,0.0
TVSGP,0.0
TVTSH,0.0
TVTYT,0.0
TW.VK,0.0
TWC.K,0.0
TWERG,0.0
TVLQR,0.0
VARTL,0.0
VARYS,0.0
VASFL,0.0
VATYS,0.0
VAVAF,0.0
VC.QR,0.0
VCFD,0.0
VCGRF,0.0
V.STM,0.0
VCLDT,0.0
VCR.V,0.0
VCSA,0.0
VD.TC,0.0
VDAPN,0.0
VDGAE,0.0
VDGAF,0.0
VDPHE,0.0
VCGSE,0.0
V.TFD,0.0
V.VID,0.0
V.VPF,0.0
V.WKR,0.0
V.WYA,0.0
V.WYP,0.0
V.WYR,0.0
V.YRF,0.0
VANTQ,0.0
VAALN,0.0
VAHTE,0.0
VAKTN,0.0
VALQY,0.0
VALVG,0.0
VAMA,0.0
VAMDR,0.0
VANGE,0.0
VANRE,0.0
VAAFG,0.0
W.AKH,0.0
W.AQW,0.0
W.ASW,0.0
W.AWE,0.0
W.C.W,0.0
W.CSP,0.0
W.DIL,0.0
W.DPL,0.0
VLW.H,0.0
W.EFT,0.0
W.EID,0.0
W.EYY,0.0
W.FQV,0.0
W.IAA,0.0
W.IIS,0.0
W.IPV,0.0
W.KNL,0.0
W.ECR,0.0
VVAAA,0.0
VVCSS,0.0
VVEDE,0.0
VVGQI,0.0
VVHA,0.0
VVKRS,0.0
VVTPN,0.0
VVTRV,0.0
VYRGW,0.0
VW.AV,0.0
VW.IR,0.0
VWDIR,0.0
VWGPL,0.0
VWGSL,0.0
VWTSR,0.0
VY.AS,0.0
VY.QR,0.0
VYHYE,0.0
VVVLR,0.0
WCN.R,0.0
WCP.Q,0.0
WCPGQ,0.0
WDIRN,0.0
WDLDE,0.0
WDMM,0.0
WDPAG,0.0
WDRQT,0.0
W.KPV,0.0
WDSWN,0.0
WDYQ,0.0
WE.DH,0.0
WE.IV,0.0
WEGDL,0.0
WEL.R,0.0
WELT,0.0
WEPKN,0.0
WDRTN,0.0
W.LCL,0.0
W.LVI,0.0
W.NKL,0.0
W.SVW,0.0
W.SYI,0.0
W.TCQ,0.0
W.WGM,0.0
W.YDQ,0.0
WCAF,0.0
WA.HD,0.0
WA.LK,0.0
WA.LM,0.0
WACRG,0.0
WAGLV,0.0
WAGYY,0.0
WAIF,0.0
WATEQ,0.0
WC.TV,0.0
W.YEA,0.0
VPIPS,0.0
VPIRD,0.0
VPKAF,0.0
VPKGK,0.0
VPRRK,0.0
VPRSP,0.0
VPSYR,0.0
VPVRI,0.0
VTSAP,0.0
VQD.H,0.0
VQGEI,0.0
VQRSQ,0.0
VQVNS,0.0
VR.YM,0.0
VRADL,0.0
VRDIA,0.0
VRFPT,0.0
VQ.EI,0.0
VLWGE,0.0
VMEGN,0.0
VMGGN,0.0
VMGYN,0.0
VN.PI,0.0
VNREA,0.0
VNSEK,0.0
VNSGD,0.0
VPI.V,0.0
VNSLP,0.0
VNSYT,0.0
VP.WF,0.0
VPDDP,0.0
VPDPP,0.0
VPEEG,0.0
VPGFE,0.0
VPGIQ,0.0
VPH.A,0.0
VNSGY,0.0
VSDLL,0.0
VSKGV,0.0
VSPEL,0.0
VSPRP,0.0
VSQSN,0.0
VSRDD,0.0
VSRLL,0.0
VSSAD,0.0
VRFRS,0.0
VSTRA,0.0
VSVDR,0.0
VSVSY,0.0
VSYGG,0.0
VTIRN,0.0
VTPDN,0.0
VTRAR,0.0
VTRVF,0.0
VSSYR,0.0
VRH.I,0.0
VRKKG,0.0
VRLVN,0.0
VRMSG,0.0
VRPEP,0.0
VRPWP,0.0
VRSCG,0.0
VRSES,0.0
VS.YH,0.0
VRTES,0.0
VRTFR,0.0
VRTTT,0.0
VRVCG,0.0
VRVEG,0.0
VRVLK,0.0
VRVNG,0.0
VRWRA,0.0
VRWTY,0.0
VRSLP,0.0
NNGGL,0.0
NP.CV,0.0
NP.EF,0.0
NP.KK,0.0
NPGVN,0.0
NPIGR,0.0
NPLVG,0.0
NPPLR,0.0
RWGTP,0.0
NPVDT,0.0
NPVKG,0.0
NPWTS,0.0
NQFK,0.0
NQL.L,0.0
NQN.R,0.0
NQS.R,0.0
NQSF,0.0
NPTRR,0.0
NIT.L,0.0
NIVI,0.0
NKERG,0.0
NKGPL,0.0
NKH.N,0.0
NKP.N,0.0
NKY.R,0.0
NL.HE,0.0
NN.WR,0.0
NLFSS,0.0
NLGLF,0.0
NLGPY,0.0
NLHV,0.0
NLSTY,0.0
NLTDP,0.0
NLY.T,0.0
NLYGQ,0.0
NLDW,0.0
NTSLS,0.0
NTSSG,0.0
NTTGN,0.0
NTTGQ,0.0
NVGSN,0.0
NVKR,0.0
NVRVT,0.0
NVTPS,0.0
NRAKR,0.0
NWRN,0.0
NWTRG,0.0
NY.PV,0.0
NYA.N,0.0
NYT.S,0.0
NYW.V,0.0
P.CES,0.0
P.EAI,0.0
NW.KP,0.0
NRITS,0.0
NRLPG,0.0
NRN.F,0.0
NRQAL,0.0
NRRGF,0.0
NRRNS,0.0
NRSPY,0.0
NRSWG,0.0
NTLAY,0.0
NSGRH,0.0
NSPEG,0.0
NSPGW,0.0
NSPQP,0.0
NSQAG,0.0
NSTNT,0.0
NT.HL,0.0
NTAGD,0.0
NTGPL,0.0
NRTAQ,0.0
N.TRC,0.0
N.VED,0.0
N.VIQ,0.0
N.VKV,0.0
N.VVS,0.0
N.WPY,0.0
N.YSA,0.0
NA.GH,0.0
NISW,0.0
NADA,0.0
NADN,0.0
NADSN,0.0
NAGGH,0.0
NAGYG,0.0
NAL.K,0.0
NC.M,0.0
NCRAG,0.0
NACG,0.0
MYP.D,0.0
N.FIE,0.0
N.FTV,0.0
N.GYA,0.0
N.HDY,0.0
N.HHP,0.0
N.ICG,0.0
N.IQD,0.0
N.TLP,0.0
N.LIR,0.0
N.LSI,0.0
N.MQE,0.0
N.PMR,0.0
N.PQA,0.0
N.QEP,0.0
N.QIR,0.0
N.SDD,0.0
N.SHP,0.0
N.KFY,0.0
NG.NK,0.0
NG.RC,0.0
NGGDA,0.0
NGIH,0.0
NGKDT,0.0
NGQLE,0.0
NGRMN,0.0
NGRPQ,0.0
NCRRG,0.0
NGTSF,0.0
NGVAS,0.0
NGVAT,0.0
NH.KP,0.0
NI.HY,0.0
NIGET,0.0
NIN.R,0.0
NIRGL,0.0
NGTAP,0.0
ND.YQ,0.0
NDEAF,0.0
NDKV,0.0
NDRPD,0.0
NDSTE,0.0
NDT.D,0.0
NE.HL,0.0
NE.RH,0.0
NFQDR,0.0
NELT,0.0
NEPSG,0.0
NETGT,0.0
NEYY,0.0
NF.NR,0.0
NFFL,0.0
NFNI,0.0
NFPQG,0.0
NFQD,0.0
NEGAE,0.0
PHPRY,0.0
PHRES,0.0
PHRSA,0.0
PHSPN,0.0
PI.VV,0.0
PIAEK,0.0
PIAQG,0.0
PIC.T,0.0
P.FWK,0.0
PIGEE,0.0
PIGYN,0.0
PIH.P,0.0
PIKRT,0.0
PILYS,0.0
PIPKQ,0.0
PIRPQ,0.0
PIYQE,0.0
PIFPG,0.0
PGHTF,0.0
PGI.S,0.0
PGIIT,0.0
PGIKT,0.0
PGLCK,0.0
PGMVY,0.0
PGNQR,0.0
PGNRP,0.0
PHHGG,0.0
PGQFD,0.0
PGQNC,0.0
PGRSF,0.0
PGSFG,0.0
PGSQL,0.0
PGVQS,0.0
PGWEK,0.0
PGYFT,0.0
PHGDT,0.0
PGNRT,0.0
PKS.W,0.0
PKSPR,0.0
PKVGV,0.0
PL.YL,0.0
PLARQ,0.0
PLEEQ,0.0
PLERN,0.0
PLETR,0.0
PKAEN,0.0
PLFAG,0.0
PLLHY,0.0
PLLTT,0.0
PLQEQ,0.0
PLTNN,0.0
PLTPQ,0.0
PLVER,0.0
PM.IV,0.0
PLETV,0.0
PKC.E,0.0
PKCPG,0.0
PKCTD,0.0
PKCY,0.0
PKCYE,0.0
PKERS,0.0
PKEVA,0.0
PKGIE,0.0
PKQTQ,0.0
PKHA,0.0
PKIGT,0.0
PKIRA,0.0
PKIYG,0.0
PKLDT,0.0
PKLER,0.0
PKNSY,0.0
PKP.M,0.0
PKPTD,0.0
PKGVY,0.0
PAELY,0.0
PAEVN,0.0
PAGCG,0.0
PAHRA,0.0
PAI.I,0.0
PAM.N,0.0
PAMGR,0.0
PANRT,0.0
PGHPC,0.0
PATED,0.0
PATEQ,0.0
PAVVP,0.0
PC.VT,0.0
PCCTD,0.0
PCDH,0.0
PCE.P,0.0
PCN.T,0.0
PASAF,0.0
P.GWC,0.0
P.HHW,0.0
P.IGS,0.0
P.IIR,0.0
P.IRS,0.0
P.ISS,0.0
P.LCK,0.0
P.MKT,0.0
PA.WH,0.0
P.NDC,0.0
P.NVW,0.0
P.RWH,0.0
P.VWW,0.0
P.WQA,0.0
P.YFQ,0.0
P.YFT,0.0
P.YIH,0.0
P.YYD,0.0
P.MTC,0.0
PFCI,0.0
PFM.R,0.0
PFND,0.0
PFSPT,0.0
PFVE,0.0
PFWAG,0.0
PFWH,0.0
PFY.I,0.0
PCRSL,0.0
PGADL,0.0
PGDED,0.0
PGDMG,0.0
PGEAI,0.0
PGFDY,0.0
PGFFR,0.0
PGFST,0.0
PGGWQ,0.0
PGACE,0.0
PCTGT,0.0
PCTT,0.0
PCVPG,0.0
PDAQP,0.0
PDD.I,0.0
PDGFG,0.0
PDGVS,0.0
PDGVY,0.0
PF.DI,0.0
PDLLV,0.0
PDSHP,0.0
PDW.H,0.0
PEEDT,0.0
PEESD,0.0
PEGLE,0.0
PEIEG,0.0
PELSE,0.0
PEWGR,0.0
PDKM,0.0
LQTTG,0.0
LQVNS,0.0
LQVQP,0.0
LQWPG,0.0
LQYRG,0.0
LR.FC,0.0
LRAKV,0.0
LRDWD,0.0
MYH.E,0.0
LRGWR,0.0
LRHWG,0.0
LRILE,0.0
LRKKQ,0.0
LRKTT,0.0
LRLVR,0.0
LRMGQ,0.0
LRNLR,0.0
LRFYG,0.0
LPMSP,0.0
LPNVL,0.0
LPPEE,0.0
LPPHP,0.0
LPPVL,0.0
LPQTE,0.0
LPQVG,0.0
LPQVY,0.0
LQRVS,0.0
LPTIR,0.0
LPVTE,0.0
LQALT,0.0
LQATT,0.0
LQDDT,0.0
LQELF,0.0
LQELS,0.0
LQH.L,0.0
LQIRD,0.0
LPRYT,0.0
LSYPL,0.0
LTALQ,0.0
LTCGG,0.0
LTCNE,0.0
LTEEY,0.0
LTELG,0.0
LTENS,0.0
LTFRN,0.0
LRPAV,0.0
LTLDP,0.0
LTLIY,0.0
LTPRY,0.0
LTQAR,0.0
LTRLS,0.0
LTRSH,0.0
LTVNE,0.0
LTVQR,0.0
LTINS,0.0
LRQSL,0.0
LRQSY,0.0
LRRDA,0.0
LRRLF,0.0
LRVRN,0.0
LRVSL,0.0
LRWGA,0.0
LSCI,0.0
LSYAT,0.0
LSEAV,0.0
LSEYN,0.0
LSGMD,0.0
LSKW,0.0
YYPRT,0.0
LSPAQ,0.0
LSRQD,0.0
LSSYA,0.0
LSTLQ,0.0
LSDIS,0.0
LIRYS,0.0
LITAQ,0.0
LITSN,0.0
LIVTS,0.0
LKCGT,0.0
LKDMN,0.0
LKGDL,0.0
LKGTT,0.0
LPKRD,0.0
LKKGL,0.0
LKPLL,0.0
LKQPR,0.0
LKSAR,0.0
LKSPQ,0.0
LKW.D,0.0
LKWTS,0.0
LLCSS,0.0
LKKGI,0.0
LGYYN,0.0
LH.EW,0.0
LHAYN,0.0
LHI.K,0.0
LHKTG,0.0
LHM.R,0.0
LHRGM,0.0
LHRIG,0.0
LIRPD,0.0
LHTVG,0.0
LI.FI,0.0
LI.NH,0.0
LIDKG,0.0
LIERE,0.0
LIHGY,0.0
LIHPR,0.0
LIKTE,0.0
LIPSR,0.0
LHSRR,0.0
LM.DD,0.0
LM.PH,0.0
LM.RI,0.0
LMRGA,0.0
LMRN,0.0
LNAM,0.0
LNGAI,0.0
LNPYL,0.0
LLDSV,0.0
LNRWG,0.0
LNSPQ,0.0
LPDPE,0.0
LPDRK,0.0
LPDRY,0.0
LPF.I,0.0
LPFGE,0.0
LPKEK,0.0
LNRHT,0.0
LLDTY,0.0
LLEAP,0.0
LLENG,0.0
LLHRP,0.0
LLHYN,0.0
LLIDT,0.0
LLIGR,0.0
LLIRE,0.0
LLVHT,0.0
LLKLR,0.0
LLKRL,0.0
LLL.M,0.0
LLLLG,0.0
LLLPK,0.0
LLLPN,0.0
LLPSA,0.0
LLRDK,0.0
LLSWD,0.0
LLKAF,0.0
MGVRP,0.0
MHIR,0.0
MHQ.G,0.0
MI.LT,0.0
MI.VG,0.0
MIPQG,0.0
MIQGP,0.0
MIRGS,0.0
LTWGN,0.0
MKD.D,0.0
ML.EE,0.0
MLAGT,0.0
MLF.T,0.0
MLSDT,0.0
MLTQY,0.0
MM.YE,0.0
MNL.D,0.0
MK.ES,0.0
MFHEQ,0.0
MG.IM,0.0
MG.PM,0.0
MG.TK,0.0
MGAES,0.0
MGAGR,0.0
MGHC,0.0
MGIGY,0.0
MGVRA,0.0
MGLLP,0.0
MGLRE,0.0
MGPVY,0.0
MGQAF,0.0
MGRCS,0.0
MGREE,0.0
MGVCG,0.0
MGVH,0.0
MGVPQ,0.0
MGLGH,0.0
MSK.Q,0.0
MSNR,0.0
MSSSN,0.0
MT.VA,0.0
MTCE,0.0
MTE.H,0.0
MTISG,0.0
MTLL,0.0
MNS.P,0.0
MV.VE,0.0
MVPYN,0.0
MVSYN,0.0
MVY.D,0.0
MWGAR,0.0
MY.GF,0.0
MYA.N,0.0
MYGG,0.0
MTTGA,0.0
MPGGT,0.0
MPHT,0.0
MPKT,0.0
MPSW,0.0
MPY.P,0.0
MQ.LT,0.0
MQ.RL,0.0
MQAS,0.0
MSHYE,0.0
MR.HF,0.0
MRLGE,0.0
MRNYE,0.0
MRRVY,0.0
MRV.W,0.0
MRVE,0.0
MRVEA,0.0
MSGRH,0.0
MSGSY,0.0
MQGVG,0.0
LWRGQ,0.0
LWTVP,0.0
LWTVY,0.0
LWVSY,0.0
LWVYE,0.0
LWWGG,0.0
LWWR,0.0
LYGKS,0.0
METF,0.0
LYGRR,0.0
LYIH,0.0
LYLWG,0.0
LYQNQ,0.0
LYRNE,0.0
LYSRV,0.0
LYYI,0.0
M..IM,0.0
LYGQN,0.0
LTYEA,0.0
LVARV,0.0
LVDIQ,0.0
LVKTT,0.0
LVPAQ,0.0
LVPIA,0.0
LVRKV,0.0
LVSQS,0.0
LWNRG,0.0
LVVQS,0.0
LVWGH,0.0
LW.AM,0.0
LW.SH,0.0
LWADS,0.0
LWEGE,0.0
LWK.T,0.0
LWLFF,0.0
LWLVT,0.0
LVVLR,0.0
M.VYQ,0.0
M.YPL,0.0
MA.FE,0.0
MC.TG,0.0
MCG.S,0.0
MCGT,0.0
MCGTG,0.0
MD.PH,0.0
M.AAE,0.0
MDGGP,0.0
MDRAP,0.0
MDRPH,0.0
ME.GC,0.0
ME.VP,0.0
MEGGH,0.0
MEL.Q,0.0
MESK,0.0
MDFN,0.0
M.DPQ,0.0
M.ELS,0.0
M.FLP,0.0
M.KAY,0.0
M.KNQ,0.0
M.LLD,0.0
M.LWE,0.0
M.PLI,0.0
M.VCG,0.0
M.QVS,0.0
M.RCS,0.0
M.SNI,0.0
M.TAV,0.0
M.TDQ,0.0
M.TEL,0.0
M.TKD,0.0
M.TYR,0.0
M.VAN,0.0
M.QRF,0.0
REPES,0.0
RETQV,0.0
RETRI,0.0
RETVQ,0.0
REW.M,0.0
REYLV,0.0
RFDSR,0.0
RFGF,0.0
PM.VA,0.0
RFHPR,0.0
RFIGN,0.0
RFKGR,0.0
RFKYN,0.0
RFPEP,0.0
RFPLY,0.0
RFRCT,0.0
RFRVT,0.0
RFHGG,0.0
RDWLT,0.0
RDWPS,0.0
RDYRV,0.0
RE.IM,0.0
REAAL,0.0
REAQD,0.0
REASK,0.0
RECLT,0.0
RENAS,0.0
REERD,0.0
REFRY,0.0
REFSN,0.0
REGMP,0.0
REIMN,0.0
REIVR,0.0
RELKL,0.0
REMLA,0.0
REDLL,0.0
RIARD,0.0
RIDH,0.0
RIEAT,0.0
RIEGV,0.0
RIEVL,0.0
RIFRN,0.0
RIGLT,0.0
RIHGS,0.0
RFTYT,0.0
RIPDN,0.0
RIRRY,0.0
RISGF,0.0
RISYT,0.0
RITYN,0.0
RIYRD,0.0
RK.CA,0.0
RK.FW,0.0
RILWG,0.0
RGCTQ,0.0
RGDEI,0.0
RGEPP,0.0
RGHDG,0.0
RGIIK,0.0
RGNQR,0.0
RGTIF,0.0
RGTQW,0.0
RIAGK,0.0
RGVPM,0.0
RGWVQ,0.0
RHEGN,0.0
RHPSE,0.0
RHREE,0.0
RHW.F,0.0
RHWV,0.0
RI.NV,0.0
RI.YK,0.0
RGTTC,0.0
R.MFG,0.0
R.NYL,0.0
R.QHH,0.0
R.VHM,0.0
R.WQK,0.0
R.YHH,0.0
R.YKM,0.0
RA.WI,0.0
RDVVD,0.0
RACYN,0.0
RADWD,0.0
RAIGL,0.0
RAKYT,0.0
RALCQ,0.0
RALNA,0.0
RALTA,0.0
RANRA,0.0
RACNT,0.0
QVPVD,0.0
QVTGV,0.0
QVVLF,0.0
QVVLP,0.0
QW.DL,0.0
QWGSD,0.0
QWPLG,0.0
QWRDE,0.0
R.IVM,0.0
QY.PT,0.0
QYCYG,0.0
QYFL,0.0
QYLD,0.0
QYLI,0.0
QYPGR,0.0
QYWNT,0.0
R.DIF,0.0
R.EFI,0.0
QWRSN,0.0
RCTRD,0.0
RDALN,0.0
RDCIY,0.0
RDETT,0.0
RDICE,0.0
RDNPS,0.0
RDNRI,0.0
RDPRI,0.0
RAQNE,0.0
RDQLL,0.0
RDQM,0.0
RDQMG,0.0
RDQWD,0.0
RDRYD,0.0
RDSDI,0.0
RDTFI,0.0
RDV.A,0.0
RDQIY,0.0
RAQNR,0.0
RAQVD,0.0
RAREI,0.0
RAREW,0.0
RARIP,0.0
RARQH,0.0
RATWN,0.0
RAWGM,0.0
RCT.K,0.0
RAWSN,0.0
RAYDR,0.0
RC.EV,0.0
RC.SK,0.0
RCGGI,0.0
RCPMN,0.0
RCPTS,0.0
RCRRR,0.0
RCSTT,0.0
RAWSL,0.0
RSCNT,0.0
RSDSW,0.0
RSETP,0.0
RSGAC,0.0
RSIAY,0.0
RSIRI,0.0
RSK.K,0.0
RSKTD,0.0
RK.QC,0.0
RSPKH,0.0
RSPQD,0.0
RSRMR,0.0
RSSDI,0.0
RSVRP,0.0
RSWRS,0.0
RSYDE,0.0
RSYDR,0.0
RSPAT,0.0
RRAGM,0.0
RRCLS,0.0
RRDIF,0.0
RRDMT,0.0
RRFRV,0.0
RRHPL,0.0
RRHVS,0.0
RRIKG,0.0
RSAYQ,0.0
RRRFD,0.0
RRRSR,0.0
RRSKV,0.0
RRSPH,0.0
RRVHQ,0.0
RRYHY,0.0
RRYPY,0.0
RS.WK,0.0
RSAHT,0.0
RRNAS,0.0
RVCCN,0.0
RVCQG,0.0
RVDGS,0.0
RVFRL,0.0
RVKSE,0.0
RVKTL,0.0
RVLVQ,0.0
RVM.C,0.0
RTATV,0.0
RVNTF,0.0
RVPPV,0.0
RVPVP,0.0
RVRHR,0.0
RVRLI,0.0
RVVIR,0.0
RW.FM,0.0
RWDSV,0.0
RVMGP,0.0
RTDDR,0.0
RTGYK,0.0
RTKAY,0.0
RTKEP,0.0
RTKPA,0.0
RTLVD,0.0
RTNAE,0.0
RTPSW,0.0
RVATP,0.0
RTRIF,0.0
RTRNG,0.0
RTRNI,0.0
RTTGC,0.0
RTTSA,0.0
RTWRA,0.0
RTWVS,0.0
RV.NK,0.0
RVACS,0.0
RTPWR,0.0
RLKDQ,0.0
RLKGH,0.0
RLKNG,0.0
RLLQF,0.0
RLPGF,0.0
RLQTA,0.0
RLRHG,0.0
RLRLC,0.0
RQRLG,0.0
RLSDN,0.0
RLTAP,0.0
RLVHG,0.0
RMDW,0.0
RMEGY,0.0
RMGLE,0.0
RMGSD,0.0
RMRAS,0.0
RLRLK,0.0
RKAGH,0.0
RKDVY,0.0
RKESE,0.0
RKF.M,0.0
RKGKE,0.0
RKKAY,0.0
RKNGT,0.0
RKPVQ,0.0
RLIRA,0.0
RKSDR,0.0
RKSHY,0.0
RKSLR,0.0
RKSYP,0.0
RKTYQ,0.0
RKYV,0.0
RLDGA,0.0
RLEAQ,0.0
RLELL,0.0
RKRQH,0.0
RPLPP,0.0
RPMGA,0.0
RPNAY,0.0
RPPEG,0.0
RPPKD,0.0
RPRQK,0.0
RPSLT,0.0
RPTSI,0.0
RMVGE,0.0
RPWPR,0.0
RPYHE,0.0
RPYLY,0.0
RPYRR,0.0
RQELN,0.0
RQPQT,0.0
RQPTQ,0.0
RQRDH,0.0
RPWDY,0.0
RMWDR,0.0
RN.RM,0.0
RNAPY,0.0
RNGAL,0.0
RNNK,0.0
RNRHN,0.0
RNRIR,0.0
RNRPQ,0.0
RPINT,0.0
RNRVY,0.0
RNTQE,0.0
RP.YV,0.0
RPDGQ,0.0
RPEKY,0.0
RPERN,0.0
RPFVT,0.0
RPGNI,0.0
RPHMG,0.0
RNRVA,0.0
PTH.W,0.0
PTHSS,0.0
PTKSN,0.0
PTPPR,0.0
PTRCP,0.0
PTREW,0.0
PTREY,0.0
PTSER,0.0
QVPFG,0.0
PV.AQ,0.0
PVGAQ,0.0
PVGVC,0.0
PVLPY,0.0
PVMYE,0.0
PVRAS,0.0
PVRDD,0.0
PVRDW,0.0
PTWLG,0.0
PSGKC,0.0
PSGQK,0.0
PSHRL,0.0
PSI.S,0.0
PSKEV,0.0
PSMSS,0.0
PSQEK,0.0
PSQEQ,0.0
PTD.M,0.0
PSSFS,0.0
PSSIE,0.0
PSSVP,0.0
PSWPQ,0.0
PSWYN,0.0
PT.MF,0.0
PTAFS,0.0
PTAGK,0.0
PTAPH,0.0
PSSAE,0.0
Q.EWH,0.0
Q.FKH,0.0
Q.FMP,0.0
Q.HME,0.0
Q.HVK,0.0
Q.KKV,0.0
Q.LFI,0.0
Q.MPS,0.0
PVTPN,0.0
Q.YFY,0.0
QA.HL,0.0
QAATR,0.0
QACTE,0.0
QAGSE,0.0
QAKDE,0.0
QALLQ,0.0
QALTA,0.0
Q.YFD,0.0
PVVEL,0.0
PVVSS,0.0
PW.EC,0.0
PW.NF,0.0
PW.QA,0.0
PWDPY,0.0
PWRRP,0.0
PWTVY,0.0
Q.EAM,0.0
PWVAK,0.0
PY.QR,0.0
PYFH,0.0
PYLEA,0.0
PYPDS,0.0
PYREA,0.0
PYRGC,0.0
PYRRS,0.0
Q.CQA,0.0
PWV.K,0.0
PNW.Q,0.0
PP.YH,0.0
PPAFG,0.0
PPANQ,0.0
PPAPS,0.0
PPEEN,0.0
PPGFH,0.0
PPHGP,0.0
PSEPL,0.0
PPIAD,0.0
PPICR,0.0
PPKGN,0.0
PPLKP,0.0
PPLRV,0.0
PPQIA,0.0
PPRCT,0.0
PPTLV,0.0
PPI.S,0.0
PM.VN,0.0
PM.WY,0.0
PMA.D,0.0
PMAH,0.0
PMEGT,0.0
PMGAA,0.0
PMGAY,0.0
PMH.E,0.0
PNVYE,0.0
PN.TI,0.0
PNC.K,0.0
PNCK,0.0
PNDGY,0.0
PNGRN,0.0
PNGTQ,0.0
PNLYN,0.0
PNRRR,0.0
PNRYS,0.0
PML.L,0.0
PRLKQ,0.0
PRLYQ,0.0
PRPCG,0.0
PRPTV,0.0
PRQIH,0.0
PRQPY,0.0
PRRVF,0.0
PRSEP,0.0
PPVTV,0.0
PRSKY,0.0
PRTAP,0.0
PRVLQ,0.0
PRVVD,0.0
PSDKT,0.0
PSELR,0.0
PSENI,0.0
PSENN,0.0
PRSKG,0.0
PQ.VM,0.0
PQAIQ,0.0
PQCD,0.0
PQGVM,0.0
PQH.K,0.0
PQKAN,0.0
PQPDG,0.0
PQQK,0.0
PRKSL,0.0
PRAPC,0.0
PRC.W,0.0
PRCM,0.0
PRCPE,0.0
PRFGA,0.0
PRGEM,0.0
PRHGL,0.0
PRHGV,0.0
PRIIP,0.0
PQRDY,0.0
QMGNQ,0.0
QMLL,0.0
QMPL,0.0
QNASG,0.0
QNDN,0.0
QNHNE,0.0
QNIN,0.0
QNNI,0.0
QAPRK,0.0
QNVSY,0.0
QPEPG,0.0
QPGQK,0.0
QPGYR,0.0
QPSEK,0.0
QQLSY,0.0
QQSTN,0.0
QQVGL,0.0
QNQNT,0.0
QITST,0.0
QKC.S,0.0
QKCSG,0.0
QKDRD,0.0
QKERE,0.0
QKGSP,0.0
QKLAA,0.0
QKLET,0.0
QMD.L,0.0
QKSAS,0.0
QKSNE,0.0
QLAQH,0.0
QLFNQ,0.0
QLFPE,0.0
QLKRA,0.0
QLPPD,0.0
QLPTE,0.0
QLVSD,0.0
QKPDT,0.0
QSATE,0.0
QSFLR,0.0
QSGIK,0.0
QSGKV,0.0
QSGSF,0.0
QSGVA,0.0
QSGYQ,0.0
QSM.R,0.0
QQWY,0.0
QSRTY,0.0
QSTVG,0.0
QTGHR,0.0
QTGPP,0.0
QTQPG,0.0
QV.CF,0.0
QV.ND,0.0
QV.WQ,0.0
QSNRE,0.0
QQY.T,0.0
QR.SC,0.0
QR.VH,0.0
QRDSC,0.0
QRDWY,0.0
QREHT,0.0
QREIE,0.0
QREMN,0.0
QRVKR,0.0
QRGKY,0.0
QRHST,0.0
QRLLG,0.0
QRLPS,0.0
QRQPY,0.0
QRRLT,0.0
QRSRH,0.0
QRTTL,0.0
QRTYT,0.0
QRFTG,0.0
QDVHE,0.0
QDVHG,0.0
QDVLR,0.0
QDVNN,0.0
QDVNS,0.0
QDWTR,0.0
QECTE,0.0
QEFLR,0.0
QIS.H,0.0
QEPDY,0.0
QERKD,0.0
QESTT,0.0
QETLN,0.0
QETQH,0.0
QETRF,0.0
QETTL,0.0
QEVWT,0.0
QEKSQ,0.0
QAPSQ,0.0
QATCN,0.0
QAVYN,0.0
QAWGA,0.0
QAWSS,0.0
QC.DQ,0.0
QCE.A,0.0
QCTSY,0.0
QDV.A,0.0
QDDGL,0.0
QDELE,0.0
QDFAQ,0.0
QDFRS,0.0
QDNHG,0.0
QDQSS,0.0
QDRQQ,0.0
QDSRK,0.0
QDTVY,0.0
QDAPV,0.0
QGTIH,0.0
QGTNN,0.0
QGWAE,0.0
QGWSL,0.0
QHPD,0.0
QHPET,0.0
QI.RH,0.0
QIDTE,0.0
QEWDT,0.0
QIF.T,0.0
QIHRG,0.0
QIHSN,0.0
QII.H,0.0
QILRA,0.0
QIPDE,0.0
QIRQY,0.0
QIS.F,0.0
QIERG,0.0
QF.EV,0.0
QFC.N,0.0
QFLYN,0.0
QFPQP,0.0
QFPRT,0.0
QGDEL,0.0
QGEHQ,0.0
QGFLQ,0.0
QGSTI,0.0
QGHRI,0.0
QGKHR,0.0
QGKWT,0.0
QGKYA,0.0
QGMRT,0.0
QGMSR,0.0
QGNQT,0.0
QGPHV,0.0
QGSAW,0.0
QGGFL,0.0
